2025-02-15 20:56 - INFO - Data cpu measure: {'usage_total': 0.0, 'usage_per_core': [0.0, 0.0, 0.0, 0.0, 0.0, 0.0, 0.0, 0.0, 0.0, 0.0, 0.0, 0.0]}
2025-02-15 20:56 - INFO - Data cpu measure: {'usage_total': 12.6, 'usage_per_core': [6.2, 6.2, 4.8, 9.4, 3.1, 15.6, 0.0, 3.2, 79.7, 20.6, 1.6, 1.6]}
2025-02-15 20:56 - INFO - Data cpu measure: {'usage_total': 13.8, 'usage_per_core': [13.8, 10.8, 9.2, 15.6, 14.1, 15.6, 1.6, 1.5, 53.1, 24.6, 4.7, 1.6]}
2025-02-15 20:59 - INFO - Data cpu measure: {'usage_total': 0.0, 'usage_per_core': [0.0, 0.0, 0.0, 0.0, 0.0, 0.0, 0.0, 0.0, 0.0, 0.0, 0.0, 0.0]}
2025-02-15 20:59 - INFO - Data memory measure: {'total': 34258022400, 'available': 17394495488, 'percent': 49.2, 'used': 16863526912, 'free': 17394495488}
2025-02-15 20:59 - INFO - Data cpu measure: {'usage_total': 9.3, 'usage_per_core': [1.6, 3.2, 20.3, 1.6, 3.1, 7.8, 0.0, 0.0, 71.9, 0.0, 0.0, 1.6]}
2025-02-15 20:59 - INFO - Data memory measure: {'total': 34258022400, 'available': 17396396032, 'percent': 49.2, 'used': 16861626368, 'free': 17396396032}
2025-02-15 20:59 - INFO - Data cpu measure: {'usage_total': 10.7, 'usage_per_core': [3.1, 0.0, 10.9, 7.9, 6.2, 3.1, 1.6, 0.0, 38.1, 52.3, 3.2, 1.6]}
2025-02-15 20:59 - INFO - Data memory measure: {'total': 34258022400, 'available': 17401122816, 'percent': 49.2, 'used': 16856899584, 'free': 17401122816}
2025-02-15 20:59 - INFO - Data cpu measure: {'usage_total': 15.6, 'usage_per_core': [12.1, 6.2, 7.9, 30.3, 23.1, 7.8, 1.6, 3.0, 33.8, 50.0, 4.6, 6.2]}
2025-02-15 20:59 - INFO - Data memory measure: {'total': 34258022400, 'available': 17397026816, 'percent': 49.2, 'used': 16860995584, 'free': 17397026816}
2025-02-15 20:59 - INFO - Data cpu measure: {'usage_total': 11.2, 'usage_per_core': [12.3, 1.6, 3.1, 7.8, 6.2, 9.4, 0.0, 0.0, 79.7, 9.5, 1.6, 3.1]}
2025-02-15 20:59 - INFO - Data memory measure: {'total': 34258022400, 'available': 17397276672, 'percent': 49.2, 'used': 16860745728, 'free': 17397276672}
2025-02-15 20:59 - INFO - Data cpu measure: {'usage_total': 11.8, 'usage_per_core': [9.2, 3.1, 6.2, 7.8, 6.2, 12.5, 0.0, 3.1, 62.5, 26.2, 3.1, 1.6]}
2025-02-15 20:59 - INFO - Data memory measure: {'total': 34258022400, 'available': 17399095296, 'percent': 49.2, 'used': 16858927104, 'free': 17399095296}
2025-02-15 20:59 - INFO - Data cpu measure: {'usage_total': 11.3, 'usage_per_core': [9.4, 0.0, 1.6, 12.5, 4.6, 45.3, 0.0, 0.0, 6.2, 47.7, 7.8, 0.0]}
2025-02-15 20:59 - INFO - Data memory measure: {'total': 34258022400, 'available': 17397485568, 'percent': 49.2, 'used': 16860536832, 'free': 17397485568}
2025-02-15 20:59 - INFO - Data cpu measure: {'usage_total': 11.1, 'usage_per_core': [3.1, 3.1, 1.6, 12.5, 1.6, 23.4, 0.0, 0.0, 32.8, 46.9, 3.1, 6.2]}
2025-02-15 20:59 - INFO - Data memory measure: {'total': 34258022400, 'available': 17398276096, 'percent': 49.2, 'used': 16859746304, 'free': 17398276096}
2025-02-15 20:59 - INFO - Data cpu measure: {'usage_total': 10.5, 'usage_per_core': [7.8, 1.6, 1.6, 12.7, 6.2, 28.1, 0.0, 0.0, 57.8, 7.9, 1.6, 0.0]}
2025-02-15 20:59 - INFO - Data memory measure: {'total': 34258022400, 'available': 17405104128, 'percent': 49.2, 'used': 16852918272, 'free': 17405104128}
2025-02-15 20:59 - INFO - Data cpu measure: {'usage_total': 11.6, 'usage_per_core': [9.1, 4.6, 7.8, 9.2, 4.7, 48.4, 3.1, 1.5, 15.6, 30.8, 3.1, 1.5]}
2025-02-15 20:59 - INFO - Data memory measure: {'total': 34258022400, 'available': 17405931520, 'percent': 49.2, 'used': 16852090880, 'free': 17405931520}
2025-02-15 20:59 - INFO - Data cpu measure: {'usage_total': 13.3, 'usage_per_core': [6.2, 1.6, 9.4, 7.8, 4.7, 54.7, 3.1, 3.2, 43.8, 18.8, 3.1, 3.2]}
2025-02-15 20:59 - INFO - Data memory measure: {'total': 34258022400, 'available': 17405743104, 'percent': 49.2, 'used': 16852279296, 'free': 17405743104}
2025-02-15 20:59 - INFO - Data cpu measure: {'usage_total': 10.5, 'usage_per_core': [1.6, 3.1, 1.6, 7.8, 4.7, 4.7, 0.0, 0.0, 71.9, 26.6, 3.1, 1.5]}
2025-02-15 20:59 - INFO - Data memory measure: {'total': 34258022400, 'available': 17407741952, 'percent': 49.2, 'used': 16850280448, 'free': 17407741952}
2025-02-15 20:59 - INFO - Data cpu measure: {'usage_total': 13.8, 'usage_per_core': [7.8, 7.9, 4.7, 12.5, 10.8, 29.2, 1.6, 0.0, 64.1, 20.6, 1.6, 4.7]}
2025-02-15 20:59 - INFO - Data memory measure: {'total': 34258022400, 'available': 17405399040, 'percent': 49.2, 'used': 16852623360, 'free': 17405399040}
2025-02-15 20:59 - INFO - Monitor detenido.
2025-02-15 20:59 - INFO - Data cpu measure: {'usage_total': 13.4, 'usage_per_core': [1.6, 3.1, 6.2, 12.5, 14.1, 14.1, 4.8, 4.8, 39.7, 53.8, 1.6, 4.8]}
2025-02-15 20:59 - INFO - Data memory measure: {'total': 34258022400, 'available': 17411428352, 'percent': 49.2, 'used': 16846594048, 'free': 17411428352}
2025-02-15 20:59 - INFO - Data cpu measure: {'usage_total': 10.0, 'usage_per_core': [1.6, 3.1, 1.6, 4.7, 1.6, 1.6, 1.5, 1.5, 89.2, 7.9, 3.1, 1.5]}
2025-02-15 20:59 - INFO - Data memory measure: {'total': 34258022400, 'available': 17407913984, 'percent': 49.2, 'used': 16850108416, 'free': 17407913984}
2025-02-15 20:59 - INFO - Data cpu measure: {'usage_total': 11.4, 'usage_per_core': [4.6, 0.0, 4.7, 7.8, 15.4, 21.9, 1.6, 0.0, 25.0, 50.8, 3.1, 1.5]}
2025-02-15 20:59 - INFO - Data memory measure: {'total': 34258022400, 'available': 17407746048, 'percent': 49.2, 'used': 16850276352, 'free': 17407746048}
2025-02-15 21:10 - INFO - Data cpu measure: {'usage_total': 0.0, 'usage_per_core': [0.0, 0.0, 0.0, 0.0, 0.0, 0.0, 0.0, 0.0, 0.0, 0.0, 0.0, 0.0]}
2025-02-15 21:10 - INFO - Data memory measure: {'total': 34258022400, 'available': 17572098048, 'percent': 48.7, 'used': 16685924352, 'free': 17572098048}
2025-02-15 21:10 - INFO - Data cpu measure: {'usage_total': 9.6, 'usage_per_core': [4.7, 0.0, 3.1, 0.0, 6.2, 1.6, 1.6, 0.0, 1.6, 92.2, 3.1, 1.6]}
2025-02-15 21:10 - INFO - Data memory measure: {'total': 34258022400, 'available': 17589317632, 'percent': 48.7, 'used': 16668704768, 'free': 17589317632}
2025-02-15 21:10 - INFO - Data cpu measure: {'usage_total': 12.7, 'usage_per_core': [1.5, 6.1, 7.6, 7.6, 7.6, 10.6, 1.5, 6.0, 22.7, 71.2, 7.6, 3.0]}
2025-02-15 21:10 - INFO - Data memory measure: {'total': 34258022400, 'available': 17587806208, 'percent': 48.7, 'used': 16670216192, 'free': 17587806208}
2025-02-15 21:10 - INFO - Data memory measure: {'total': 34258022400, 'available': 17643302912, 'percent': 48.5, 'used': 16614719488, 'free': 17643302912}
2025-02-15 21:10 - INFO - Data cpu measure: {'usage_total': 11.3, 'usage_per_core': [6.2, 4.7, 3.1, 6.2, 10.9, 12.5, 1.6, 0.0, 28.1, 54.7, 3.1, 4.7]}
2025-02-15 21:10 - INFO - Data memory measure: {'total': 34258022400, 'available': 17649037312, 'percent': 48.5, 'used': 16608985088, 'free': 17649037312}
2025-02-15 21:10 - INFO - Data cpu measure: {'usage_total': 14.5, 'usage_per_core': [9.2, 6.2, 12.1, 10.8, 33.3, 15.2, 1.5, 1.5, 18.2, 58.2, 1.5, 4.6]}
2025-02-15 21:10 - INFO - Data cpu measure: {'usage_total': 38.8, 'usage_per_core': [37.9, 32.3, 32.3, 42.4, 59.4, 31.2, 30.8, 27.7, 75.0, 35.9, 33.3, 27.7]}
2025-02-15 21:10 - INFO - Data memory measure: {'total': 34258022400, 'available': 17645203456, 'percent': 48.5, 'used': 16612818944, 'free': 17645203456}
2025-02-15 21:10 - INFO - Data memory measure: {'total': 34258022400, 'available': 17637535744, 'percent': 48.5, 'used': 16620486656, 'free': 17637535744}
2025-02-15 21:10 - INFO - Data cpu measure: {'usage_total': 19.6, 'usage_per_core': [23.1, 7.6, 20.0, 18.5, 59.1, 33.8, 4.6, 9.1, 20.0, 13.8, 12.3, 13.6]}
2025-02-15 21:10 - INFO - Data cpu measure: {'usage_total': 15.9, 'usage_per_core': [7.8, 7.7, 13.8, 9.2, 47.7, 18.5, 6.2, 1.5, 29.2, 30.8, 7.7, 10.8]}
2025-02-15 21:10 - INFO - Data memory measure: {'total': 34258022400, 'available': 17645740032, 'percent': 48.5, 'used': 16612282368, 'free': 17645740032}
2025-02-15 21:10 - INFO - Data cpu measure: {'usage_total': 10.9, 'usage_per_core': [3.0, 3.0, 3.1, 4.6, 38.5, 1.5, 3.1, 0.0, 52.3, 15.4, 6.2, 0.0]}
2025-02-15 21:10 - INFO - Data memory measure: {'total': 34258022400, 'available': 17638739968, 'percent': 48.5, 'used': 16619282432, 'free': 17638739968}
2025-02-15 21:10 - INFO - Data cpu measure: {'usage_total': 13.2, 'usage_per_core': [3.1, 3.1, 4.7, 7.8, 30.8, 51.6, 4.7, 6.2, 23.4, 17.2, 4.7, 1.6]}
2025-02-15 21:10 - INFO - Data memory measure: {'total': 34258022400, 'available': 17758932992, 'percent': 48.2, 'used': 16499089408, 'free': 17758932992}
2025-02-15 21:10 - INFO - Data cpu measure: {'usage_total': 11.5, 'usage_per_core': [4.6, 3.1, 6.1, 3.1, 7.7, 43.1, 4.6, 0.0, 6.2, 47.7, 6.2, 6.2]}
2025-02-15 21:10 - INFO - Data memory measure: {'total': 34258022400, 'available': 17758916608, 'percent': 48.2, 'used': 16499105792, 'free': 17758916608}
2025-02-15 21:11 - INFO - Data memory measure: {'total': 34258022400, 'available': 17760710656, 'percent': 48.2, 'used': 16497311744, 'free': 17760710656}
2025-02-15 21:11 - INFO - Data cpu measure: {'usage_total': 10.5, 'usage_per_core': [4.5, 1.5, 3.1, 6.1, 6.2, 72.7, 1.5, 0.0, 16.7, 9.1, 1.5, 3.1]}
2025-02-15 21:11 - INFO - Data memory measure: {'total': 34258022400, 'available': 17764315136, 'percent': 48.1, 'used': 16493707264, 'free': 17764315136}
2025-02-15 21:11 - INFO - Data cpu measure: {'usage_total': 13.9, 'usage_per_core': [6.1, 3.1, 6.2, 9.4, 16.9, 14.1, 4.6, 3.1, 35.9, 59.4, 6.1, 3.1]}
2025-02-15 21:11 - INFO - Interrupción por teclado recibida.
2025-02-15 21:11 - INFO - Monitor detenido.
2025-02-15 21:12 - INFO - Data cpu measure: {'usage_total': 0.0, 'usage_per_core': [0.0, 0.0, 0.0, 0.0, 0.0, 0.0, 0.0, 0.0, 0.0, 0.0, 0.0, 0.0]}
2025-02-15 21:12 - INFO - Data memory measure: {'total': 34258022400, 'available': 17329840128, 'percent': 49.4, 'used': 16928182272, 'free': 17329840128}
2025-02-15 21:12 - INFO - Data cpu measure: {'usage_total': 13.7, 'usage_per_core': [3.1, 3.1, 21.5, 10.9, 7.8, 34.4, 4.7, 1.6, 45.3, 18.8, 6.2, 6.2]}
2025-02-15 21:12 - INFO - Data memory measure: {'total': 34258022400, 'available': 17619353600, 'percent': 48.6, 'used': 16638668800, 'free': 17619353600}
2025-02-15 21:12 - INFO - Data memory measure: {'total': 34258022400, 'available': 17634549760, 'percent': 48.5, 'used': 16623472640, 'free': 17634549760}
2025-02-15 21:12 - INFO - Data cpu measure: {'usage_total': 28.1, 'usage_per_core': [26.2, 15.4, 23.1, 33.8, 30.8, 38.5, 26.2, 12.3, 60.0, 30.8, 16.9, 23.1]}
2025-02-15 21:12 - INFO - Data cpu measure: {'usage_total': 32.6, 'usage_per_core': [34.8, 25.0, 33.8, 35.9, 42.2, 31.8, 18.8, 17.2, 57.8, 37.5, 25.0, 31.2]}
2025-02-15 21:12 - INFO - Data memory measure: {'total': 34258022400, 'available': 17646030848, 'percent': 48.5, 'used': 16611991552, 'free': 17646030848}
2025-02-15 21:12 - INFO - Data cpu measure: {'usage_total': 26.7, 'usage_per_core': [22.7, 18.5, 20.0, 32.3, 35.4, 26.2, 13.8, 18.2, 66.2, 30.8, 18.5, 18.5]}
2025-02-15 21:12 - INFO - Data memory measure: {'total': 34258022400, 'available': 17627959296, 'percent': 48.5, 'used': 16630063104, 'free': 17627959296}
2025-02-15 21:12 - INFO - Data memory measure: {'total': 34258022400, 'available': 17634123776, 'percent': 48.5, 'used': 16623898624, 'free': 17634123776}
2025-02-15 21:12 - INFO - Data cpu measure: {'usage_total': 15.7, 'usage_per_core': [6.2, 6.2, 7.6, 7.7, 36.9, 12.3, 6.2, 1.5, 69.2, 21.5, 3.1, 10.8]}
2025-02-15 21:12 - INFO - Data memory measure: {'total': 34258022400, 'available': 17636872192, 'percent': 48.5, 'used': 16621150208, 'free': 17636872192}
2025-02-15 21:12 - INFO - Data cpu measure: {'usage_total': 10.4, 'usage_per_core': [3.1, 6.2, 0.0, 3.1, 7.8, 3.1, 1.6, 0.0, 32.8, 60.9, 3.1, 3.1]}
2025-02-15 21:12 - INFO - Data memory measure: {'total': 34258022400, 'available': 17639325696, 'percent': 48.5, 'used': 16618696704, 'free': 17639325696}
2025-02-15 21:12 - INFO - Data cpu measure: {'usage_total': 10.3, 'usage_per_core': [1.5, 3.1, 6.2, 3.1, 9.2, 3.1, 0.0, 0.0, 23.1, 73.8, 0.0, 0.0]}
2025-02-15 21:12 - INFO - Data cpu measure: {'usage_total': 9.8, 'usage_per_core': [0.0, 0.0, 3.1, 3.1, 6.2, 0.0, 1.6, 1.6, 3.1, 92.2, 3.1, 3.1]}
2025-02-15 21:12 - INFO - Data memory measure: {'total': 34258022400, 'available': 17642057728, 'percent': 48.5, 'used': 16615964672, 'free': 17642057728}
2025-02-15 21:12 - INFO - Data memory measure: {'total': 34258022400, 'available': 17642438656, 'percent': 48.5, 'used': 16615583744, 'free': 17642438656}
2025-02-15 21:12 - INFO - Data cpu measure: {'usage_total': 10.9, 'usage_per_core': [6.2, 3.1, 4.6, 4.6, 3.1, 10.6, 4.6, 0.0, 6.2, 87.7, 0.0, 0.0]}
2025-02-15 21:12 - INFO - Data memory measure: {'total': 34258022400, 'available': 17644736512, 'percent': 48.5, 'used': 16613285888, 'free': 17644736512}
2025-02-15 21:12 - INFO - Data cpu measure: {'usage_total': 15.2, 'usage_per_core': [10.8, 12.5, 9.4, 12.5, 17.2, 9.4, 6.2, 3.1, 35.9, 46.9, 7.8, 10.9]}
2025-02-15 21:12 - INFO - Data cpu measure: {'usage_total': 11.9, 'usage_per_core': [4.7, 1.6, 9.2, 4.6, 40.0, 13.8, 0.0, 1.5, 58.5, 3.1, 0.0, 6.2]}
2025-02-15 21:12 - INFO - Data memory measure: {'total': 34258022400, 'available': 17644765184, 'percent': 48.5, 'used': 16613257216, 'free': 17644765184}
2025-02-15 21:12 - INFO - Data cpu measure: {'usage_total': 10.5, 'usage_per_core': [1.5, 3.0, 16.9, 7.7, 41.5, 21.5, 1.5, 7.5, 15.4, 4.6, 3.0, 1.5]}
2025-02-15 21:12 - INFO - Data memory measure: {'total': 34258022400, 'available': 17653706752, 'percent': 48.5, 'used': 16604315648, 'free': 17653706752}
2025-02-15 21:12 - INFO - Data memory measure: {'total': 34258022400, 'available': 17658245120, 'percent': 48.5, 'used': 16599777280, 'free': 17658245120}
2025-02-15 21:12 - INFO - Data cpu measure: {'usage_total': 10.2, 'usage_per_core': [3.1, 1.6, 7.8, 7.8, 48.4, 6.2, 1.6, 1.6, 6.2, 31.2, 4.7, 1.6]}
2025-02-15 21:12 - INFO - Data cpu measure: {'usage_total': 10.6, 'usage_per_core': [1.5, 1.5, 7.7, 6.2, 29.2, 16.9, 0.0, 0.0, 24.6, 33.8, 1.5, 4.6]}
2025-02-15 21:12 - INFO - Data memory measure: {'total': 34258022400, 'available': 17654722560, 'percent': 48.5, 'used': 16603299840, 'free': 17654722560}
2025-02-15 21:14 - INFO - Data cpu measure: {'usage_total': 0.0, 'usage_per_core': [0.0, 0.0, 0.0, 0.0, 0.0, 0.0, 0.0, 0.0, 0.0, 0.0, 0.0, 0.0]}
2025-02-15 21:14 - INFO - Data memory measure: {'total': 34258022400, 'available': 17678106624, 'percent': 48.4, 'used': 16579915776, 'free': 17678106624}
2025-02-15 21:14 - INFO - Data cpu measure: {'usage_total': 11.2, 'usage_per_core': [1.6, 1.6, 7.8, 6.2, 6.2, 7.7, 0.0, 1.6, 17.2, 84.4, 0.0, 0.0]}
2025-02-15 21:14 - INFO - Data memory measure: {'total': 34258022400, 'available': 17698316288, 'percent': 48.3, 'used': 16559706112, 'free': 17698316288}
2025-02-15 21:14 - INFO - Data cpu measure: {'usage_total': 11.9, 'usage_per_core': [4.5, 4.6, 10.8, 6.2, 4.6, 18.5, 0.0, 1.5, 18.2, 72.3, 0.0, 1.5]}
2025-02-15 21:14 - INFO - Data memory measure: {'total': 34258022400, 'available': 17697705984, 'percent': 48.3, 'used': 16560316416, 'free': 17697705984}
2025-02-15 21:14 - INFO - Data memory measure: {'total': 34258022400, 'available': 17694453760, 'percent': 48.3, 'used': 16563568640, 'free': 17694453760}
2025-02-15 21:14 - INFO - Data cpu measure: {'usage_total': 11.9, 'usage_per_core': [10.6, 0.0, 7.8, 4.6, 27.7, 46.9, 3.1, 1.6, 10.9, 20.0, 3.1, 6.2]}
2025-02-15 21:14 - INFO - Data cpu measure: {'usage_total': 11.8, 'usage_per_core': [12.1, 0.0, 4.6, 9.4, 75.0, 9.2, 4.6, 1.5, 6.2, 7.8, 4.6, 7.7]}
2025-02-15 21:14 - INFO - Data memory measure: {'total': 34258022400, 'available': 17695358976, 'percent': 48.3, 'used': 16562663424, 'free': 17695358976}
2025-02-15 21:14 - INFO - Data cpu measure: {'usage_total': 9.9, 'usage_per_core': [1.6, 0.0, 6.2, 6.2, 29.7, 1.6, 0.0, 0.0, 21.9, 50.0, 0.0, 1.6]}
2025-02-15 21:14 - INFO - Data memory measure: {'total': 34258022400, 'available': 17695854592, 'percent': 48.3, 'used': 16562167808, 'free': 17695854592}
2025-02-15 21:15 - INFO - Data cpu measure: {'usage_total': 12.3, 'usage_per_core': [6.2, 3.1, 7.6, 20.0, 53.8, 18.5, 1.5, 3.0, 15.4, 12.3, 3.1, 3.1]}
2025-02-15 21:15 - INFO - Data memory measure: {'total': 34258022400, 'available': 17691320320, 'percent': 48.4, 'used': 16566702080, 'free': 17691320320}
2025-02-15 21:15 - INFO - Data memory measure: {'total': 34258022400, 'available': 17696636928, 'percent': 48.3, 'used': 16561385472, 'free': 17696636928}
2025-02-15 21:15 - INFO - Data cpu measure: {'usage_total': 13.8, 'usage_per_core': [12.3, 1.6, 10.8, 6.2, 35.9, 40.6, 1.6, 3.1, 32.8, 6.2, 9.4, 4.7]}
2025-02-15 21:15 - INFO - Data cpu measure: {'usage_total': 12.3, 'usage_per_core': [6.1, 10.8, 0.0, 13.6, 20.0, 27.7, 1.5, 3.1, 4.6, 56.9, 3.1, 0.0]}
2025-02-15 21:15 - INFO - Data memory measure: {'total': 34258022400, 'available': 17697329152, 'percent': 48.3, 'used': 16560693248, 'free': 17697329152}
2025-02-15 21:15 - INFO - Programa finalizado de forma controlada.
2025-02-16 04:53 - INFO - Data cpu measure: {'usage_total': 0.0, 'usage_per_core': [0.0, 0.0, 0.0, 0.0, 0.0, 0.0, 0.0, 0.0, 0.0, 0.0, 0.0, 0.0]}
2025-02-16 04:53 - INFO - Data memory measure: {'total': 34258022400, 'available': 18488594432, 'percent': 46.0, 'used': 15769427968, 'free': 18488594432}
2025-02-16 04:53 - INFO - key: cpu_usage
2025-02-16 04:53 - INFO - key: memory_usage
2025-02-16 04:53 - INFO - value={'usage_total': 0.0, 'usage_per_core': [0.0, 0.0, 0.0, 0.0, 0.0, 0.0, 0.0, 0.0, 0.0, 0.0, 0.0, 0.0]}
2025-02-16 04:53 - INFO - value={'total': 34258022400, 'available': 18488594432, 'percent': 46.0, 'used': 15769427968, 'free': 18488594432}
2025-02-16 04:53 - INFO - key: cpu_usage
2025-02-16 04:53 - INFO - value={'total': 34258022400, 'available': 18488594432, 'percent': 46.0, 'used': 15769427968, 'free': 18488594432}
2025-02-16 04:53 - INFO - Data memory measure: {'total': 34258022400, 'available': 18484871168, 'percent': 46.0, 'used': 15773151232, 'free': 18484871168}
2025-02-16 04:53 - INFO - Data cpu measure: {'usage_total': 2.7, 'usage_per_core': [1.5, 1.5, 4.5, 0.0, 7.6, 7.6, 0.0, 0.0, 1.5, 4.5, 1.5, 1.5]}
2025-02-16 04:53 - INFO - key: memory_usage
2025-02-16 04:53 - INFO - key: cpu_usage
2025-02-16 04:53 - INFO - value={'total': 34258022400, 'available': 18484871168, 'percent': 46.0, 'used': 15773151232, 'free': 18484871168}
2025-02-16 04:53 - INFO - value={'usage_total': 2.7, 'usage_per_core': [1.5, 1.5, 4.5, 0.0, 7.6, 7.6, 0.0, 0.0, 1.5, 4.5, 1.5, 1.5]}
2025-02-16 04:53 - INFO - key: cpu_usage
2025-02-16 04:53 - INFO - value={'total': 34258022400, 'available': 18484871168, 'percent': 46.0, 'used': 15773151232, 'free': 18484871168}
2025-02-16 04:53 - INFO - Data memory measure: {'total': 34258022400, 'available': 18571550720, 'percent': 45.8, 'used': 15686471680, 'free': 18571550720}
2025-02-16 04:53 - INFO - Data cpu measure: {'usage_total': 2.8, 'usage_per_core': [0.0, 0.0, 0.0, 7.6, 7.7, 7.7, 0.0, 0.0, 6.1, 3.1, 1.5, 0.0]}
2025-02-16 04:53 - INFO - key: memory_usage
2025-02-16 04:53 - INFO - key: cpu_usage
2025-02-16 04:53 - INFO - value={'total': 34258022400, 'available': 18571550720, 'percent': 45.8, 'used': 15686471680, 'free': 18571550720}
2025-02-16 04:53 - INFO - value={'usage_total': 2.8, 'usage_per_core': [0.0, 0.0, 0.0, 7.6, 7.7, 7.7, 0.0, 0.0, 6.1, 3.1, 1.5, 0.0]}
2025-02-16 04:53 - INFO - key: cpu_usage
2025-02-16 04:53 - INFO - value={'total': 34258022400, 'available': 18571550720, 'percent': 45.8, 'used': 15686471680, 'free': 18571550720}
2025-02-16 04:53 - INFO - Data memory measure: {'total': 34258022400, 'available': 18566893568, 'percent': 45.8, 'used': 15691128832, 'free': 18566893568}
2025-02-16 04:53 - INFO - Data cpu measure: {'usage_total': 12.1, 'usage_per_core': [10.9, 4.7, 4.7, 18.8, 31.2, 20.3, 7.8, 4.7, 21.9, 12.3, 1.6, 6.2]}
2025-02-16 04:53 - INFO - key: memory_usage
2025-02-16 04:53 - INFO - key: cpu_usage
2025-02-16 04:53 - INFO - value={'total': 34258022400, 'available': 18566893568, 'percent': 45.8, 'used': 15691128832, 'free': 18566893568}
2025-02-16 04:53 - INFO - value={'usage_total': 12.1, 'usage_per_core': [10.9, 4.7, 4.7, 18.8, 31.2, 20.3, 7.8, 4.7, 21.9, 12.3, 1.6, 6.2]}
2025-02-16 04:53 - INFO - key: cpu_usage
2025-02-16 04:53 - INFO - value={'total': 34258022400, 'available': 18566893568, 'percent': 45.8, 'used': 15691128832, 'free': 18566893568}
2025-02-16 04:53 - INFO - Data cpu measure: {'usage_total': 4.4, 'usage_per_core': [0.0, 3.1, 4.6, 7.7, 12.3, 6.2, 0.0, 1.5, 12.3, 4.6, 0.0, 0.0]}
2025-02-16 04:53 - INFO - Data memory measure: {'total': 34258022400, 'available': 18565062656, 'percent': 45.8, 'used': 15692959744, 'free': 18565062656}
2025-02-16 04:53 - INFO - key: cpu_usage
2025-02-16 04:53 - INFO - key: memory_usage
2025-02-16 04:53 - INFO - value={'usage_total': 4.4, 'usage_per_core': [0.0, 3.1, 4.6, 7.7, 12.3, 6.2, 0.0, 1.5, 12.3, 4.6, 0.0, 0.0]}
2025-02-16 04:53 - INFO - value={'total': 34258022400, 'available': 18565062656, 'percent': 45.8, 'used': 15692959744, 'free': 18565062656}
2025-02-16 04:53 - INFO - key: cpu_usage
2025-02-16 04:53 - INFO - value={'total': 34258022400, 'available': 18565062656, 'percent': 45.8, 'used': 15692959744, 'free': 18565062656}
2025-02-16 04:53 - INFO - Data memory measure: {'total': 34258022400, 'available': 18491912192, 'percent': 46.0, 'used': 15766110208, 'free': 18491912192}
2025-02-16 04:53 - INFO - Data cpu measure: {'usage_total': 8.7, 'usage_per_core': [6.2, 1.6, 7.8, 9.2, 28.1, 9.4, 0.0, 3.1, 20.3, 14.1, 1.6, 3.1]}
2025-02-16 04:53 - INFO - key: memory_usage
2025-02-16 04:53 - INFO - key: cpu_usage
2025-02-16 04:53 - INFO - value={'total': 34258022400, 'available': 18491912192, 'percent': 46.0, 'used': 15766110208, 'free': 18491912192}
2025-02-16 04:53 - INFO - value={'usage_total': 8.7, 'usage_per_core': [6.2, 1.6, 7.8, 9.2, 28.1, 9.4, 0.0, 3.1, 20.3, 14.1, 1.6, 3.1]}
2025-02-16 04:53 - INFO - key: cpu_usage
2025-02-16 04:53 - INFO - value={'total': 34258022400, 'available': 18491912192, 'percent': 46.0, 'used': 15766110208, 'free': 18491912192}
2025-02-16 04:53 - INFO - Data cpu measure: {'usage_total': 5.1, 'usage_per_core': [1.5, 1.5, 9.2, 4.6, 10.6, 12.3, 1.6, 0.0, 6.2, 12.3, 1.6, 0.0]}
2025-02-16 04:53 - INFO - Data memory measure: {'total': 34258022400, 'available': 18507710464, 'percent': 46.0, 'used': 15750311936, 'free': 18507710464}
2025-02-16 04:53 - INFO - key: cpu_usage
2025-02-16 04:53 - INFO - key: memory_usage
2025-02-16 04:53 - INFO - value={'usage_total': 5.1, 'usage_per_core': [1.5, 1.5, 9.2, 4.6, 10.6, 12.3, 1.6, 0.0, 6.2, 12.3, 1.6, 0.0]}
2025-02-16 04:53 - INFO - value={'total': 34258022400, 'available': 18507710464, 'percent': 46.0, 'used': 15750311936, 'free': 18507710464}
2025-02-16 04:53 - INFO - key: cpu_usage
2025-02-16 04:53 - INFO - value={'total': 34258022400, 'available': 18507710464, 'percent': 46.0, 'used': 15750311936, 'free': 18507710464}
2025-02-16 04:53 - INFO - Data memory measure: {'total': 34258022400, 'available': 18508148736, 'percent': 46.0, 'used': 15749873664, 'free': 18508148736}
2025-02-16 04:53 - INFO - Data cpu measure: {'usage_total': 6.9, 'usage_per_core': [6.0, 6.1, 6.1, 7.7, 11.9, 9.1, 3.0, 1.5, 12.1, 9.0, 6.0, 4.5]}
2025-02-16 04:53 - INFO - key: memory_usage
2025-02-16 04:53 - INFO - key: cpu_usage
2025-02-16 04:53 - INFO - value={'total': 34258022400, 'available': 18508148736, 'percent': 46.0, 'used': 15749873664, 'free': 18508148736}
2025-02-16 04:53 - INFO - value={'usage_total': 6.9, 'usage_per_core': [6.0, 6.1, 6.1, 7.7, 11.9, 9.1, 3.0, 1.5, 12.1, 9.0, 6.0, 4.5]}
2025-02-16 04:53 - INFO - key: cpu_usage
2025-02-16 04:53 - INFO - value={'total': 34258022400, 'available': 18508148736, 'percent': 46.0, 'used': 15749873664, 'free': 18508148736}
2025-02-16 04:53 - INFO - Data cpu measure: {'usage_total': 2.6, 'usage_per_core': [1.6, 1.6, 4.6, 3.1, 6.2, 4.7, 0.0, 0.0, 1.6, 4.7, 0.0, 3.0]}
2025-02-16 04:53 - INFO - Data memory measure: {'total': 34258022400, 'available': 18510151680, 'percent': 46.0, 'used': 15747870720, 'free': 18510151680}
2025-02-16 04:53 - INFO - key: cpu_usage
2025-02-16 04:53 - INFO - key: memory_usage
2025-02-16 04:53 - INFO - value={'usage_total': 2.6, 'usage_per_core': [1.6, 1.6, 4.6, 3.1, 6.2, 4.7, 0.0, 0.0, 1.6, 4.7, 0.0, 3.0]}
2025-02-16 04:53 - INFO - value={'total': 34258022400, 'available': 18510151680, 'percent': 46.0, 'used': 15747870720, 'free': 18510151680}
2025-02-16 04:53 - INFO - key: cpu_usage
2025-02-16 04:53 - INFO - value={'total': 34258022400, 'available': 18510151680, 'percent': 46.0, 'used': 15747870720, 'free': 18510151680}
2025-02-16 04:53 - INFO - Data memory measure: {'total': 34258022400, 'available': 18508443648, 'percent': 46.0, 'used': 15749578752, 'free': 18508443648}
2025-02-16 04:53 - INFO - Data cpu measure: {'usage_total': 7.1, 'usage_per_core': [14.7, 1.6, 4.7, 7.8, 14.1, 10.9, 3.1, 4.7, 3.1, 17.2, 1.6, 1.6]}
2025-02-16 04:53 - INFO - key: memory_usage
2025-02-16 04:53 - INFO - key: cpu_usage
2025-02-16 04:53 - INFO - value={'total': 34258022400, 'available': 18508443648, 'percent': 46.0, 'used': 15749578752, 'free': 18508443648}
2025-02-16 04:53 - INFO - value={'usage_total': 7.1, 'usage_per_core': [14.7, 1.6, 4.7, 7.8, 14.1, 10.9, 3.1, 4.7, 3.1, 17.2, 1.6, 1.6]}
2025-02-16 04:53 - INFO - key: cpu_usage
2025-02-16 04:53 - INFO - value={'total': 34258022400, 'available': 18508443648, 'percent': 46.0, 'used': 15749578752, 'free': 18508443648}
2025-02-16 04:53 - INFO - Data memory measure: {'total': 34258022400, 'available': 18510438400, 'percent': 46.0, 'used': 15747584000, 'free': 18510438400}
2025-02-16 04:53 - INFO - Data cpu measure: {'usage_total': 1.9, 'usage_per_core': [0.0, 0.0, 3.1, 3.1, 4.6, 6.2, 0.0, 0.0, 4.6, 1.5, 0.0, 0.0]}
2025-02-16 04:53 - INFO - key: memory_usage
2025-02-16 04:53 - INFO - key: cpu_usage
2025-02-16 04:53 - INFO - value={'total': 34258022400, 'available': 18510438400, 'percent': 46.0, 'used': 15747584000, 'free': 18510438400}
2025-02-16 04:53 - INFO - value={'usage_total': 1.9, 'usage_per_core': [0.0, 0.0, 3.1, 3.1, 4.6, 6.2, 0.0, 0.0, 4.6, 1.5, 0.0, 0.0]}
2025-02-16 04:53 - INFO - key: cpu_usage
2025-02-16 04:53 - INFO - value={'total': 34258022400, 'available': 18510438400, 'percent': 46.0, 'used': 15747584000, 'free': 18510438400}
2025-02-16 04:53 - INFO - Data memory measure: {'total': 34258022400, 'available': 18543820800, 'percent': 45.9, 'used': 15714201600, 'free': 18543820800}
2025-02-16 04:53 - INFO - Data cpu measure: {'usage_total': 8.0, 'usage_per_core': [9.2, 6.2, 4.6, 9.2, 9.4, 12.3, 10.8, 6.2, 9.2, 7.7, 4.6, 6.2]}
2025-02-16 04:53 - INFO - key: memory_usage
2025-02-16 04:53 - INFO - key: cpu_usage
2025-02-16 04:53 - INFO - value={'total': 34258022400, 'available': 18543820800, 'percent': 45.9, 'used': 15714201600, 'free': 18543820800}
2025-02-16 04:53 - INFO - value={'usage_total': 8.0, 'usage_per_core': [9.2, 6.2, 4.6, 9.2, 9.4, 12.3, 10.8, 6.2, 9.2, 7.7, 4.6, 6.2]}
2025-02-16 04:53 - INFO - key: cpu_usage
2025-02-16 04:53 - INFO - value={'total': 34258022400, 'available': 18543820800, 'percent': 45.9, 'used': 15714201600, 'free': 18543820800}
2025-02-16 04:53 - INFO - Data memory measure: {'total': 34258022400, 'available': 18547171328, 'percent': 45.9, 'used': 15710851072, 'free': 18547171328}
2025-02-16 04:53 - INFO - Data cpu measure: {'usage_total': 3.4, 'usage_per_core': [7.6, 3.1, 3.1, 3.1, 1.5, 7.8, 1.6, 0.0, 1.6, 7.8, 1.6, 1.6]}
2025-02-16 04:53 - INFO - key: memory_usage
2025-02-16 04:53 - INFO - key: cpu_usage
2025-02-16 04:53 - INFO - value={'total': 34258022400, 'available': 18547171328, 'percent': 45.9, 'used': 15710851072, 'free': 18547171328}
2025-02-16 04:53 - INFO - value={'usage_total': 3.4, 'usage_per_core': [7.6, 3.1, 3.1, 3.1, 1.5, 7.8, 1.6, 0.0, 1.6, 7.8, 1.6, 1.6]}
2025-02-16 04:53 - INFO - key: cpu_usage
2025-02-16 04:53 - INFO - value={'total': 34258022400, 'available': 18547171328, 'percent': 45.9, 'used': 15710851072, 'free': 18547171328}
2025-02-16 04:53 - INFO - Data memory measure: {'total': 34258022400, 'available': 18549673984, 'percent': 45.9, 'used': 15708348416, 'free': 18549673984}
2025-02-16 04:53 - INFO - Data cpu measure: {'usage_total': 3.2, 'usage_per_core': [4.5, 1.6, 4.6, 3.1, 6.1, 9.2, 0.0, 0.0, 3.1, 6.1, 0.0, 0.0]}
2025-02-16 04:53 - INFO - key: memory_usage
2025-02-16 04:53 - INFO - key: cpu_usage
2025-02-16 04:53 - INFO - value={'total': 34258022400, 'available': 18549673984, 'percent': 45.9, 'used': 15708348416, 'free': 18549673984}
2025-02-16 04:53 - INFO - value={'usage_total': 3.2, 'usage_per_core': [4.5, 1.6, 4.6, 3.1, 6.1, 9.2, 0.0, 0.0, 3.1, 6.1, 0.0, 0.0]}
2025-02-16 04:53 - INFO - key: cpu_usage
2025-02-16 04:53 - INFO - value={'total': 34258022400, 'available': 18549673984, 'percent': 45.9, 'used': 15708348416, 'free': 18549673984}
2025-02-16 04:53 - INFO - Data memory measure: {'total': 34258022400, 'available': 18559479808, 'percent': 45.8, 'used': 15698542592, 'free': 18559479808}
2025-02-16 04:53 - INFO - Data cpu measure: {'usage_total': 5.1, 'usage_per_core': [1.6, 1.5, 6.2, 6.2, 9.2, 15.2, 0.0, 0.0, 6.2, 10.9, 4.7, 0.0]}
2025-02-16 04:53 - INFO - key: memory_usage
2025-02-16 04:53 - INFO - key: cpu_usage
2025-02-16 04:53 - INFO - value={'total': 34258022400, 'available': 18559479808, 'percent': 45.8, 'used': 15698542592, 'free': 18559479808}
2025-02-16 04:53 - INFO - value={'usage_total': 5.1, 'usage_per_core': [1.6, 1.5, 6.2, 6.2, 9.2, 15.2, 0.0, 0.0, 6.2, 10.9, 4.7, 0.0]}
2025-02-16 04:53 - INFO - key: cpu_usage
2025-02-16 04:53 - INFO - value={'total': 34258022400, 'available': 18559479808, 'percent': 45.8, 'used': 15698542592, 'free': 18559479808}
2025-02-16 04:53 - INFO - Data cpu measure: {'usage_total': 20.6, 'usage_per_core': [9.2, 23.1, 29.2, 18.5, 31.8, 29.2, 4.6, 9.2, 23.1, 45.5, 9.2, 13.8]}
2025-02-16 04:53 - INFO - Data memory measure: {'total': 34258022400, 'available': 18564902912, 'percent': 45.8, 'used': 15693119488, 'free': 18564902912}
2025-02-16 04:53 - INFO - key: cpu_usage
2025-02-16 04:53 - INFO - key: memory_usage
2025-02-16 04:53 - INFO - value={'usage_total': 20.6, 'usage_per_core': [9.2, 23.1, 29.2, 18.5, 31.8, 29.2, 4.6, 9.2, 23.1, 45.5, 9.2, 13.8]}
2025-02-16 04:53 - INFO - value={'total': 34258022400, 'available': 18564902912, 'percent': 45.8, 'used': 15693119488, 'free': 18564902912}
2025-02-16 04:53 - INFO - key: cpu_usage
2025-02-16 04:53 - INFO - value={'total': 34258022400, 'available': 18564902912, 'percent': 45.8, 'used': 15693119488, 'free': 18564902912}
2025-02-16 04:53 - INFO - Data memory measure: {'total': 34258022400, 'available': 18561859584, 'percent': 45.8, 'used': 15696162816, 'free': 18561859584}
2025-02-16 04:53 - INFO - Data cpu measure: {'usage_total': 3.7, 'usage_per_core': [1.5, 1.5, 4.6, 3.1, 7.7, 9.2, 0.0, 0.0, 7.7, 4.6, 4.6, 0.0]}
2025-02-16 04:53 - INFO - key: memory_usage
2025-02-16 04:53 - INFO - key: cpu_usage
2025-02-16 04:53 - INFO - value={'total': 34258022400, 'available': 18561859584, 'percent': 45.8, 'used': 15696162816, 'free': 18561859584}
2025-02-16 04:53 - INFO - value={'usage_total': 3.7, 'usage_per_core': [1.5, 1.5, 4.6, 3.1, 7.7, 9.2, 0.0, 0.0, 7.7, 4.6, 4.6, 0.0]}
2025-02-16 04:53 - INFO - key: cpu_usage
2025-02-16 04:53 - INFO - value={'total': 34258022400, 'available': 18561859584, 'percent': 45.8, 'used': 15696162816, 'free': 18561859584}
2025-02-16 04:53 - INFO - Data cpu measure: {'usage_total': 14.5, 'usage_per_core': [17.2, 12.5, 18.8, 15.6, 14.1, 20.0, 9.4, 11.1, 15.6, 20.3, 9.4, 9.4]}
2025-02-16 04:53 - INFO - Data memory measure: {'total': 34258022400, 'available': 18558443520, 'percent': 45.8, 'used': 15699578880, 'free': 18558443520}
2025-02-16 04:53 - INFO - key: cpu_usage
2025-02-16 04:53 - INFO - key: memory_usage
2025-02-16 04:53 - INFO - value={'usage_total': 14.5, 'usage_per_core': [17.2, 12.5, 18.8, 15.6, 14.1, 20.0, 9.4, 11.1, 15.6, 20.3, 9.4, 9.4]}
2025-02-16 04:53 - INFO - value={'total': 34258022400, 'available': 18558443520, 'percent': 45.8, 'used': 15699578880, 'free': 18558443520}
2025-02-16 04:53 - INFO - key: cpu_usage
2025-02-16 04:53 - INFO - value={'total': 34258022400, 'available': 18558443520, 'percent': 45.8, 'used': 15699578880, 'free': 18558443520}
2025-02-16 04:53 - INFO - Data cpu measure: {'usage_total': 15.3, 'usage_per_core': [22.7, 6.2, 10.8, 18.5, 16.9, 23.1, 6.1, 3.0, 40.9, 15.4, 9.2, 10.8]}
2025-02-16 04:53 - INFO - Data memory measure: {'total': 34258022400, 'available': 18546294784, 'percent': 45.9, 'used': 15711727616, 'free': 18546294784}
2025-02-16 04:53 - INFO - key: cpu_usage
2025-02-16 04:53 - INFO - key: memory_usage
2025-02-16 04:53 - INFO - value={'usage_total': 15.3, 'usage_per_core': [22.7, 6.2, 10.8, 18.5, 16.9, 23.1, 6.1, 3.0, 40.9, 15.4, 9.2, 10.8]}
2025-02-16 04:53 - INFO - value={'total': 34258022400, 'available': 18546294784, 'percent': 45.9, 'used': 15711727616, 'free': 18546294784}
2025-02-16 04:53 - INFO - key: cpu_usage
2025-02-16 04:53 - INFO - value={'total': 34258022400, 'available': 18546294784, 'percent': 45.9, 'used': 15711727616, 'free': 18546294784}
2025-02-16 04:53 - INFO - Data memory measure: {'total': 34258022400, 'available': 18606444544, 'percent': 45.7, 'used': 15651577856, 'free': 18606444544}
2025-02-16 04:53 - INFO - Data cpu measure: {'usage_total': 6.0, 'usage_per_core': [3.1, 0.0, 6.2, 6.2, 10.8, 16.9, 0.0, 3.1, 6.2, 10.6, 7.7, 1.5]}
2025-02-16 04:53 - INFO - key: memory_usage
2025-02-16 04:53 - INFO - key: cpu_usage
2025-02-16 04:53 - INFO - value={'total': 34258022400, 'available': 18606444544, 'percent': 45.7, 'used': 15651577856, 'free': 18606444544}
2025-02-16 04:53 - INFO - value={'usage_total': 6.0, 'usage_per_core': [3.1, 0.0, 6.2, 6.2, 10.8, 16.9, 0.0, 3.1, 6.2, 10.6, 7.7, 1.5]}
2025-02-16 04:53 - INFO - key: cpu_usage
2025-02-16 04:53 - INFO - value={'total': 34258022400, 'available': 18606444544, 'percent': 45.7, 'used': 15651577856, 'free': 18606444544}
2025-02-16 04:53 - INFO - Data cpu measure: {'usage_total': 2.8, 'usage_per_core': [0.0, 0.0, 3.1, 0.0, 7.6, 4.6, 1.5, 3.0, 3.1, 10.8, 0.0, 0.0]}
2025-02-16 04:53 - INFO - Data memory measure: {'total': 34258022400, 'available': 18609958912, 'percent': 45.7, 'used': 15648063488, 'free': 18609958912}
2025-02-16 04:53 - INFO - key: cpu_usage
2025-02-16 04:53 - INFO - key: memory_usage
2025-02-16 04:53 - INFO - value={'usage_total': 2.8, 'usage_per_core': [0.0, 0.0, 3.1, 0.0, 7.6, 4.6, 1.5, 3.0, 3.1, 10.8, 0.0, 0.0]}
2025-02-16 04:53 - INFO - value={'total': 34258022400, 'available': 18609958912, 'percent': 45.7, 'used': 15648063488, 'free': 18609958912}
2025-02-16 04:53 - INFO - key: cpu_usage
2025-02-16 04:53 - INFO - value={'total': 34258022400, 'available': 18609958912, 'percent': 45.7, 'used': 15648063488, 'free': 18609958912}
2025-02-16 04:53 - INFO - Data cpu measure: {'usage_total': 2.2, 'usage_per_core': [4.5, 0.0, 3.0, 0.0, 6.1, 4.6, 0.0, 0.0, 3.1, 4.6, 0.0, 0.0]}
2025-02-16 04:53 - INFO - Data memory measure: {'total': 34258022400, 'available': 18610503680, 'percent': 45.7, 'used': 15647518720, 'free': 18610503680}
2025-02-16 04:53 - INFO - key: cpu_usage
2025-02-16 04:53 - INFO - key: memory_usage
2025-02-16 04:53 - INFO - value={'usage_total': 2.2, 'usage_per_core': [4.5, 0.0, 3.0, 0.0, 6.1, 4.6, 0.0, 0.0, 3.1, 4.6, 0.0, 0.0]}
2025-02-16 04:53 - INFO - value={'total': 34258022400, 'available': 18610503680, 'percent': 45.7, 'used': 15647518720, 'free': 18610503680}
2025-02-16 04:53 - INFO - key: cpu_usage
2025-02-16 04:53 - INFO - value={'total': 34258022400, 'available': 18610503680, 'percent': 45.7, 'used': 15647518720, 'free': 18610503680}
2025-02-16 04:53 - INFO - Data cpu measure: {'usage_total': 1.4, 'usage_per_core': [1.6, 0.0, 0.0, 0.0, 3.1, 3.1, 0.0, 0.0, 1.6, 7.6, 0.0, 0.0]}
2025-02-16 04:53 - INFO - Data memory measure: {'total': 34258022400, 'available': 18613395456, 'percent': 45.7, 'used': 15644626944, 'free': 18613395456}
2025-02-16 04:53 - INFO - key: cpu_usage
2025-02-16 04:53 - INFO - key: memory_usage
2025-02-16 04:53 - INFO - value={'usage_total': 1.4, 'usage_per_core': [1.6, 0.0, 0.0, 0.0, 3.1, 3.1, 0.0, 0.0, 1.6, 7.6, 0.0, 0.0]}
2025-02-16 04:53 - INFO - value={'total': 34258022400, 'available': 18613395456, 'percent': 45.7, 'used': 15644626944, 'free': 18613395456}
2025-02-16 04:53 - INFO - key: cpu_usage
2025-02-16 04:53 - INFO - value={'total': 34258022400, 'available': 18613395456, 'percent': 45.7, 'used': 15644626944, 'free': 18613395456}
2025-02-16 04:53 - INFO - Data cpu measure: {'usage_total': 1.4, 'usage_per_core': [0.0, 0.0, 1.6, 1.5, 4.6, 6.2, 0.0, 0.0, 0.0, 1.5, 1.5, 0.0]}
2025-02-16 04:53 - INFO - key: cpu_usage
2025-02-16 04:53 - INFO - Data memory measure: {'total': 34258022400, 'available': 18611683328, 'percent': 45.7, 'used': 15646339072, 'free': 18611683328}
2025-02-16 04:53 - INFO - value={'usage_total': 1.4, 'usage_per_core': [0.0, 0.0, 1.6, 1.5, 4.6, 6.2, 0.0, 0.0, 0.0, 1.5, 1.5, 0.0]}
2025-02-16 04:53 - INFO - key: memory_usage
2025-02-16 04:53 - INFO - value={'total': 34258022400, 'available': 18611683328, 'percent': 45.7, 'used': 15646339072, 'free': 18611683328}
2025-02-16 04:53 - INFO - key: cpu_usage
2025-02-16 04:53 - INFO - value={'total': 34258022400, 'available': 18611683328, 'percent': 45.7, 'used': 15646339072, 'free': 18611683328}
2025-02-16 04:53 - INFO - Data memory measure: {'total': 34258022400, 'available': 18612178944, 'percent': 45.7, 'used': 15645843456, 'free': 18612178944}
2025-02-16 04:53 - INFO - Data cpu measure: {'usage_total': 2.7, 'usage_per_core': [1.6, 1.6, 1.5, 1.6, 6.2, 7.8, 0.0, 0.0, 7.8, 4.7, 0.0, 0.0]}
2025-02-16 04:53 - INFO - key: memory_usage
2025-02-16 04:53 - INFO - key: cpu_usage
2025-02-16 04:53 - INFO - value={'total': 34258022400, 'available': 18612178944, 'percent': 45.7, 'used': 15645843456, 'free': 18612178944}
2025-02-16 04:53 - INFO - value={'usage_total': 2.7, 'usage_per_core': [1.6, 1.6, 1.5, 1.6, 6.2, 7.8, 0.0, 0.0, 7.8, 4.7, 0.0, 0.0]}
2025-02-16 04:53 - INFO - key: cpu_usage
2025-02-16 04:53 - INFO - value={'total': 34258022400, 'available': 18612178944, 'percent': 45.7, 'used': 15645843456, 'free': 18612178944}
2025-02-16 04:53 - INFO - Data cpu measure: {'usage_total': 3.5, 'usage_per_core': [0.0, 0.0, 3.1, 1.5, 4.6, 13.8, 0.0, 0.0, 10.8, 6.2, 1.5, 0.0]}
2025-02-16 04:53 - INFO - Data memory measure: {'total': 34258022400, 'available': 18624335872, 'percent': 45.6, 'used': 15633686528, 'free': 18624335872}
2025-02-16 04:53 - INFO - key: cpu_usage
2025-02-16 04:53 - INFO - key: memory_usage
2025-02-16 04:53 - INFO - value={'usage_total': 3.5, 'usage_per_core': [0.0, 0.0, 3.1, 1.5, 4.6, 13.8, 0.0, 0.0, 10.8, 6.2, 1.5, 0.0]}
2025-02-16 04:53 - INFO - value={'total': 34258022400, 'available': 18624335872, 'percent': 45.6, 'used': 15633686528, 'free': 18624335872}
2025-02-16 04:53 - INFO - key: cpu_usage
2025-02-16 04:53 - INFO - value={'total': 34258022400, 'available': 18624335872, 'percent': 45.6, 'used': 15633686528, 'free': 18624335872}
2025-02-16 04:53 - INFO - Data memory measure: {'total': 34258022400, 'available': 18602983424, 'percent': 45.7, 'used': 15655038976, 'free': 18602983424}
2025-02-16 04:53 - INFO - Data cpu measure: {'usage_total': 3.6, 'usage_per_core': [0.0, 0.0, 1.5, 1.5, 4.6, 4.5, 3.1, 1.5, 7.6, 15.4, 1.5, 1.5]}
2025-02-16 04:53 - INFO - key: memory_usage
2025-02-16 04:53 - INFO - key: cpu_usage
2025-02-16 04:53 - INFO - value={'total': 34258022400, 'available': 18602983424, 'percent': 45.7, 'used': 15655038976, 'free': 18602983424}
2025-02-16 04:53 - INFO - value={'usage_total': 3.6, 'usage_per_core': [0.0, 0.0, 1.5, 1.5, 4.6, 4.5, 3.1, 1.5, 7.6, 15.4, 1.5, 1.5]}
2025-02-16 04:53 - INFO - key: cpu_usage
2025-02-16 04:53 - INFO - value={'total': 34258022400, 'available': 18602983424, 'percent': 45.7, 'used': 15655038976, 'free': 18602983424}
2025-02-16 04:53 - INFO - Data cpu measure: {'usage_total': 4.2, 'usage_per_core': [1.5, 0.0, 3.1, 9.2, 6.2, 12.3, 1.6, 0.0, 4.6, 7.7, 1.6, 3.1]}
2025-02-16 04:53 - INFO - Data memory measure: {'total': 34258022400, 'available': 18614120448, 'percent': 45.7, 'used': 15643901952, 'free': 18614120448}
2025-02-16 04:53 - INFO - key: cpu_usage
2025-02-16 04:53 - INFO - key: memory_usage
2025-02-16 04:53 - INFO - value={'usage_total': 4.2, 'usage_per_core': [1.5, 0.0, 3.1, 9.2, 6.2, 12.3, 1.6, 0.0, 4.6, 7.7, 1.6, 3.1]}
2025-02-16 04:53 - INFO - value={'total': 34258022400, 'available': 18614120448, 'percent': 45.7, 'used': 15643901952, 'free': 18614120448}
2025-02-16 04:53 - INFO - key: cpu_usage
2025-02-16 04:53 - INFO - value={'total': 34258022400, 'available': 18614120448, 'percent': 45.7, 'used': 15643901952, 'free': 18614120448}
2025-02-16 04:53 - INFO - Data cpu measure: {'usage_total': 1.8, 'usage_per_core': [0.0, 0.0, 0.0, 4.7, 1.6, 1.6, 3.2, 1.6, 3.1, 6.2, 0.0, 0.0]}
2025-02-16 04:53 - INFO - Data memory measure: {'total': 34258022400, 'available': 18611904512, 'percent': 45.7, 'used': 15646117888, 'free': 18611904512}
2025-02-16 04:53 - INFO - key: cpu_usage
2025-02-16 04:53 - INFO - key: memory_usage
2025-02-16 04:53 - INFO - value={'usage_total': 1.8, 'usage_per_core': [0.0, 0.0, 0.0, 4.7, 1.6, 1.6, 3.2, 1.6, 3.1, 6.2, 0.0, 0.0]}
2025-02-16 04:53 - INFO - value={'total': 34258022400, 'available': 18611904512, 'percent': 45.7, 'used': 15646117888, 'free': 18611904512}
2025-02-16 04:53 - INFO - key: cpu_usage
2025-02-16 04:53 - INFO - value={'total': 34258022400, 'available': 18611904512, 'percent': 45.7, 'used': 15646117888, 'free': 18611904512}
2025-02-16 04:53 - INFO - Data cpu measure: {'usage_total': 2.3, 'usage_per_core': [0.0, 1.5, 3.1, 3.1, 4.6, 1.5, 1.5, 0.0, 4.6, 7.7, 0.0, 0.0]}
2025-02-16 04:53 - INFO - Data memory measure: {'total': 34258022400, 'available': 18609827840, 'percent': 45.7, 'used': 15648194560, 'free': 18609827840}
2025-02-16 04:53 - INFO - key: cpu_usage
2025-02-16 04:53 - INFO - key: memory_usage
2025-02-16 04:53 - INFO - value={'usage_total': 2.3, 'usage_per_core': [0.0, 1.5, 3.1, 3.1, 4.6, 1.5, 1.5, 0.0, 4.6, 7.7, 0.0, 0.0]}
2025-02-16 04:53 - INFO - value={'total': 34258022400, 'available': 18609827840, 'percent': 45.7, 'used': 15648194560, 'free': 18609827840}
2025-02-16 04:53 - INFO - key: cpu_usage
2025-02-16 04:53 - INFO - value={'total': 34258022400, 'available': 18609827840, 'percent': 45.7, 'used': 15648194560, 'free': 18609827840}
2025-02-16 04:53 - INFO - Data memory measure: {'total': 34258022400, 'available': 18612736000, 'percent': 45.7, 'used': 15645286400, 'free': 18612736000}
2025-02-16 04:53 - INFO - Data cpu measure: {'usage_total': 1.9, 'usage_per_core': [3.0, 0.0, 1.5, 3.1, 0.0, 6.2, 0.0, 1.5, 3.1, 4.5, 0.0, 0.0]}
2025-02-16 04:53 - INFO - key: memory_usage
2025-02-16 04:53 - INFO - value={'total': 34258022400, 'available': 18612736000, 'percent': 45.7, 'used': 15645286400, 'free': 18612736000}
2025-02-16 04:53 - INFO - key: cpu_usage
2025-02-16 04:53 - INFO - value={'usage_total': 1.9, 'usage_per_core': [3.0, 0.0, 1.5, 3.1, 0.0, 6.2, 0.0, 1.5, 3.1, 4.5, 0.0, 0.0]}
2025-02-16 04:53 - INFO - key: cpu_usage
2025-02-16 04:53 - INFO - value={'total': 34258022400, 'available': 18612736000, 'percent': 45.7, 'used': 15645286400, 'free': 18612736000}
2025-02-16 04:53 - INFO - Data memory measure: {'total': 34258022400, 'available': 18613428224, 'percent': 45.7, 'used': 15644594176, 'free': 18613428224}
2025-02-16 04:53 - INFO - Data cpu measure: {'usage_total': 4.3, 'usage_per_core': [6.0, 1.5, 4.6, 3.1, 4.6, 7.7, 0.0, 1.5, 9.2, 10.6, 3.1, 0.0]}
2025-02-16 04:53 - INFO - key: memory_usage
2025-02-16 04:53 - INFO - key: cpu_usage
2025-02-16 04:53 - INFO - value={'total': 34258022400, 'available': 18613428224, 'percent': 45.7, 'used': 15644594176, 'free': 18613428224}
2025-02-16 04:53 - INFO - value={'usage_total': 4.3, 'usage_per_core': [6.0, 1.5, 4.6, 3.1, 4.6, 7.7, 0.0, 1.5, 9.2, 10.6, 3.1, 0.0]}
2025-02-16 04:53 - INFO - key: cpu_usage
2025-02-16 04:53 - INFO - value={'total': 34258022400, 'available': 18613428224, 'percent': 45.7, 'used': 15644594176, 'free': 18613428224}
2025-02-16 04:53 - INFO - Data memory measure: {'total': 34258022400, 'available': 18613518336, 'percent': 45.7, 'used': 15644504064, 'free': 18613518336}
2025-02-16 04:53 - INFO - Data cpu measure: {'usage_total': 1.8, 'usage_per_core': [0.0, 0.0, 0.0, 1.5, 4.6, 6.1, 0.0, 0.0, 3.1, 6.1, 0.0, 0.0]}
2025-02-16 04:53 - INFO - key: memory_usage
2025-02-16 04:53 - INFO - key: cpu_usage
2025-02-16 04:53 - INFO - value={'total': 34258022400, 'available': 18613518336, 'percent': 45.7, 'used': 15644504064, 'free': 18613518336}
2025-02-16 04:53 - INFO - value={'usage_total': 1.8, 'usage_per_core': [0.0, 0.0, 0.0, 1.5, 4.6, 6.1, 0.0, 0.0, 3.1, 6.1, 0.0, 0.0]}
2025-02-16 04:53 - INFO - key: cpu_usage
2025-02-16 04:53 - INFO - value={'total': 34258022400, 'available': 18613518336, 'percent': 45.7, 'used': 15644504064, 'free': 18613518336}
2025-02-16 04:53 - INFO - Data cpu measure: {'usage_total': 1.2, 'usage_per_core': [0.0, 0.0, 0.0, 1.6, 4.7, 4.7, 1.6, 0.0, 0.0, 1.6, 0.0, 0.0]}
2025-02-16 04:53 - INFO - Data memory measure: {'total': 34258022400, 'available': 18613727232, 'percent': 45.7, 'used': 15644295168, 'free': 18613727232}
2025-02-16 04:53 - INFO - key: cpu_usage
2025-02-16 04:53 - INFO - key: memory_usage
2025-02-16 04:53 - INFO - value={'usage_total': 1.2, 'usage_per_core': [0.0, 0.0, 0.0, 1.6, 4.7, 4.7, 1.6, 0.0, 0.0, 1.6, 0.0, 0.0]}
2025-02-16 04:53 - INFO - value={'total': 34258022400, 'available': 18613727232, 'percent': 45.7, 'used': 15644295168, 'free': 18613727232}
2025-02-16 04:53 - INFO - key: cpu_usage
2025-02-16 04:53 - INFO - value={'total': 34258022400, 'available': 18613727232, 'percent': 45.7, 'used': 15644295168, 'free': 18613727232}
2025-02-16 04:53 - INFO - Data memory measure: {'total': 34258022400, 'available': 18617544704, 'percent': 45.7, 'used': 15640477696, 'free': 18617544704}
2025-02-16 04:53 - INFO - Data cpu measure: {'usage_total': 3.6, 'usage_per_core': [1.5, 3.1, 3.1, 3.1, 9.2, 13.8, 0.0, 0.0, 1.5, 7.6, 0.0, 0.0]}
2025-02-16 04:53 - INFO - key: memory_usage
2025-02-16 04:53 - INFO - key: cpu_usage
2025-02-16 04:53 - INFO - value={'total': 34258022400, 'available': 18617544704, 'percent': 45.7, 'used': 15640477696, 'free': 18617544704}
2025-02-16 04:53 - INFO - value={'usage_total': 3.6, 'usage_per_core': [1.5, 3.1, 3.1, 3.1, 9.2, 13.8, 0.0, 0.0, 1.5, 7.6, 0.0, 0.0]}
2025-02-16 04:53 - INFO - key: cpu_usage
2025-02-16 04:53 - INFO - value={'total': 34258022400, 'available': 18617544704, 'percent': 45.7, 'used': 15640477696, 'free': 18617544704}
2025-02-16 04:53 - INFO - Data cpu measure: {'usage_total': 4.5, 'usage_per_core': [1.5, 1.5, 6.2, 3.1, 7.7, 7.7, 0.0, 1.5, 15.4, 6.1, 1.5, 1.5]}
2025-02-16 04:53 - INFO - Data memory measure: {'total': 34258022400, 'available': 18678095872, 'percent': 45.5, 'used': 15579926528, 'free': 18678095872}
2025-02-16 04:53 - INFO - key: cpu_usage
2025-02-16 04:53 - INFO - key: memory_usage
2025-02-16 04:53 - INFO - value={'usage_total': 4.5, 'usage_per_core': [1.5, 1.5, 6.2, 3.1, 7.7, 7.7, 0.0, 1.5, 15.4, 6.1, 1.5, 1.5]}
2025-02-16 04:53 - INFO - value={'total': 34258022400, 'available': 18678095872, 'percent': 45.5, 'used': 15579926528, 'free': 18678095872}
2025-02-16 04:53 - INFO - key: cpu_usage
2025-02-16 04:53 - INFO - value={'total': 34258022400, 'available': 18678095872, 'percent': 45.5, 'used': 15579926528, 'free': 18678095872}
2025-02-16 05:12 - INFO - Monitor de recursos inicializado.
2025-02-16 05:12 - INFO - Data cpu measure: {'usage_total': 0.0, 'usage_per_core': [0.0, 0.0, 0.0, 0.0, 0.0, 0.0, 0.0, 0.0, 0.0, 0.0, 0.0, 0.0]}
2025-02-16 05:12 - INFO - Encolando evento: {'cpu_usage': {'usage_total': 0.0, 'usage_per_core': [0.0, 0.0, 0.0, 0.0, 0.0, 0.0, 0.0, 0.0, 0.0, 0.0, 0.0, 0.0]}}
2025-02-16 05:12 - INFO - Data memory measure: {'total': 34258022400, 'available': 17796227072, 'percent': 48.1, 'used': 16461795328, 'free': 17796227072}
2025-02-16 05:12 - INFO - key: cpu_usage
2025-02-16 05:12 - INFO - Encolando evento: {'memory_usage': {'total': 34258022400, 'available': 17796227072, 'percent': 48.1, 'used': 16461795328, 'free': 17796227072}}
2025-02-16 05:12 - INFO - value={'usage_total': 0.0, 'usage_per_core': [0.0, 0.0, 0.0, 0.0, 0.0, 0.0, 0.0, 0.0, 0.0, 0.0, 0.0, 0.0]}
2025-02-16 05:12 - INFO - key: memory_usage
2025-02-16 05:12 - INFO - value={'total': 34258022400, 'available': 17796227072, 'percent': 48.1, 'used': 16461795328, 'free': 17796227072}
2025-02-16 05:12 - INFO - Encolando evento: {'cpu_usage': {'total': 34258022400, 'available': 17796227072, 'percent': 48.1, 'used': 16461795328, 'free': 17796227072}}
2025-02-16 05:12 - INFO - key: cpu_usage
2025-02-16 05:12 - INFO - value={'total': 34258022400, 'available': 17796227072, 'percent': 48.1, 'used': 16461795328, 'free': 17796227072}
2025-02-16 05:12 - INFO - Data cpu measure: {'usage_total': 3.6, 'usage_per_core': [0.0, 3.1, 3.1, 3.1, 9.1, 1.5, 0.0, 0.0, 7.6, 14.9, 0.0, 0.0]}
2025-02-16 05:12 - INFO - Data memory measure: {'total': 34258022400, 'available': 17809047552, 'percent': 48.0, 'used': 16448974848, 'free': 17809047552}
2025-02-16 05:12 - INFO - Encolando evento: {'cpu_usage': {'usage_total': 3.6, 'usage_per_core': [0.0, 3.1, 3.1, 3.1, 9.1, 1.5, 0.0, 0.0, 7.6, 14.9, 0.0, 0.0]}}
2025-02-16 05:12 - INFO - Encolando evento: {'memory_usage': {'total': 34258022400, 'available': 17809047552, 'percent': 48.0, 'used': 16448974848, 'free': 17809047552}}
2025-02-16 05:12 - INFO - key: cpu_usage
2025-02-16 05:12 - INFO - key: memory_usage
2025-02-16 05:12 - INFO - value={'usage_total': 3.6, 'usage_per_core': [0.0, 3.1, 3.1, 3.1, 9.1, 1.5, 0.0, 0.0, 7.6, 14.9, 0.0, 0.0]}
2025-02-16 05:12 - INFO - value={'total': 34258022400, 'available': 17809047552, 'percent': 48.0, 'used': 16448974848, 'free': 17809047552}
2025-02-16 05:12 - INFO - Encolando evento: {'cpu_usage': {'total': 34258022400, 'available': 17809047552, 'percent': 48.0, 'used': 16448974848, 'free': 17809047552}}
2025-02-16 05:12 - INFO - key: cpu_usage
2025-02-16 05:12 - INFO - value={'total': 34258022400, 'available': 17809047552, 'percent': 48.0, 'used': 16448974848, 'free': 17809047552}
2025-02-16 05:12 - INFO - Data memory measure: {'total': 34258022400, 'available': 17811722240, 'percent': 48.0, 'used': 16446300160, 'free': 17811722240}
2025-02-16 05:12 - INFO - Data cpu measure: {'usage_total': 1.8, 'usage_per_core': [0.0, 0.0, 0.0, 3.1, 3.1, 4.6, 0.0, 0.0, 4.5, 4.6, 1.5, 0.0]}
2025-02-16 05:12 - INFO - Encolando evento: {'memory_usage': {'total': 34258022400, 'available': 17811722240, 'percent': 48.0, 'used': 16446300160, 'free': 17811722240}}
2025-02-16 05:12 - INFO - Encolando evento: {'cpu_usage': {'usage_total': 1.8, 'usage_per_core': [0.0, 0.0, 0.0, 3.1, 3.1, 4.6, 0.0, 0.0, 4.5, 4.6, 1.5, 0.0]}}
2025-02-16 05:12 - INFO - key: memory_usage
2025-02-16 05:12 - INFO - key: cpu_usage
2025-02-16 05:12 - INFO - value={'total': 34258022400, 'available': 17811722240, 'percent': 48.0, 'used': 16446300160, 'free': 17811722240}
2025-02-16 05:12 - INFO - value={'usage_total': 1.8, 'usage_per_core': [0.0, 0.0, 0.0, 3.1, 3.1, 4.6, 0.0, 0.0, 4.5, 4.6, 1.5, 0.0]}
2025-02-16 05:12 - INFO - Encolando evento: {'cpu_usage': {'total': 34258022400, 'available': 17811722240, 'percent': 48.0, 'used': 16446300160, 'free': 17811722240}}
2025-02-16 05:12 - INFO - key: cpu_usage
2025-02-16 05:12 - INFO - value={'total': 34258022400, 'available': 17811722240, 'percent': 48.0, 'used': 16446300160, 'free': 17811722240}
2025-02-16 05:12 - INFO - Data memory measure: {'total': 34258022400, 'available': 17811517440, 'percent': 48.0, 'used': 16446504960, 'free': 17811517440}
2025-02-16 05:12 - INFO - Data cpu measure: {'usage_total': 1.7, 'usage_per_core': [0.0, 0.0, 1.5, 0.0, 9.2, 4.6, 0.0, 0.0, 0.0, 1.5, 1.5, 1.5]}
2025-02-16 05:12 - INFO - Encolando evento: {'memory_usage': {'total': 34258022400, 'available': 17811517440, 'percent': 48.0, 'used': 16446504960, 'free': 17811517440}}
2025-02-16 05:12 - INFO - Encolando evento: {'cpu_usage': {'usage_total': 1.7, 'usage_per_core': [0.0, 0.0, 1.5, 0.0, 9.2, 4.6, 0.0, 0.0, 0.0, 1.5, 1.5, 1.5]}}
2025-02-16 05:12 - INFO - key: memory_usage
2025-02-16 05:12 - INFO - key: cpu_usage
2025-02-16 05:12 - INFO - value={'total': 34258022400, 'available': 17811517440, 'percent': 48.0, 'used': 16446504960, 'free': 17811517440}
2025-02-16 05:12 - INFO - value={'usage_total': 1.7, 'usage_per_core': [0.0, 0.0, 1.5, 0.0, 9.2, 4.6, 0.0, 0.0, 0.0, 1.5, 1.5, 1.5]}
2025-02-16 05:12 - INFO - Encolando evento: {'cpu_usage': {'total': 34258022400, 'available': 17811517440, 'percent': 48.0, 'used': 16446504960, 'free': 17811517440}}
2025-02-16 05:12 - INFO - key: cpu_usage
2025-02-16 05:12 - INFO - value={'total': 34258022400, 'available': 17811517440, 'percent': 48.0, 'used': 16446504960, 'free': 17811517440}
2025-02-16 05:12 - INFO - Data cpu measure: {'usage_total': 1.4, 'usage_per_core': [0.0, 0.0, 3.1, 3.1, 3.1, 1.6, 1.6, 1.6, 1.6, 1.6, 0.0, 0.0]}
2025-02-16 05:12 - INFO - Data memory measure: {'total': 34258022400, 'available': 17812254720, 'percent': 48.0, 'used': 16445767680, 'free': 17812254720}
2025-02-16 05:12 - INFO - Encolando evento: {'cpu_usage': {'usage_total': 1.4, 'usage_per_core': [0.0, 0.0, 3.1, 3.1, 3.1, 1.6, 1.6, 1.6, 1.6, 1.6, 0.0, 0.0]}}
2025-02-16 05:12 - INFO - Encolando evento: {'memory_usage': {'total': 34258022400, 'available': 17812254720, 'percent': 48.0, 'used': 16445767680, 'free': 17812254720}}
2025-02-16 05:12 - INFO - key: cpu_usage
2025-02-16 05:12 - INFO - key: memory_usage
2025-02-16 05:12 - INFO - value={'usage_total': 1.4, 'usage_per_core': [0.0, 0.0, 3.1, 3.1, 3.1, 1.6, 1.6, 1.6, 1.6, 1.6, 0.0, 0.0]}
2025-02-16 05:12 - INFO - value={'total': 34258022400, 'available': 17812254720, 'percent': 48.0, 'used': 16445767680, 'free': 17812254720}
2025-02-16 05:12 - INFO - Encolando evento: {'cpu_usage': {'total': 34258022400, 'available': 17812254720, 'percent': 48.0, 'used': 16445767680, 'free': 17812254720}}
2025-02-16 05:12 - INFO - key: cpu_usage
2025-02-16 05:12 - INFO - value={'total': 34258022400, 'available': 17812254720, 'percent': 48.0, 'used': 16445767680, 'free': 17812254720}
2025-02-16 05:12 - INFO - Data cpu measure: {'usage_total': 3.2, 'usage_per_core': [7.5, 1.5, 1.5, 3.0, 1.5, 1.5, 0.0, 4.5, 12.1, 4.5, 0.0, 0.0]}
2025-02-16 05:12 - INFO - Encolando evento: {'cpu_usage': {'usage_total': 3.2, 'usage_per_core': [7.5, 1.5, 1.5, 3.0, 1.5, 1.5, 0.0, 4.5, 12.1, 4.5, 0.0, 0.0]}}
2025-02-16 05:12 - INFO - key: cpu_usage
2025-02-16 05:12 - INFO - Data memory measure: {'total': 34258022400, 'available': 17810599936, 'percent': 48.0, 'used': 16447422464, 'free': 17810599936}
2025-02-16 05:12 - INFO - value={'usage_total': 3.2, 'usage_per_core': [7.5, 1.5, 1.5, 3.0, 1.5, 1.5, 0.0, 4.5, 12.1, 4.5, 0.0, 0.0]}
2025-02-16 05:12 - INFO - Encolando evento: {'memory_usage': {'total': 34258022400, 'available': 17810599936, 'percent': 48.0, 'used': 16447422464, 'free': 17810599936}}
2025-02-16 05:12 - INFO - key: memory_usage
2025-02-16 05:12 - INFO - value={'total': 34258022400, 'available': 17810599936, 'percent': 48.0, 'used': 16447422464, 'free': 17810599936}
2025-02-16 05:12 - INFO - Encolando evento: {'cpu_usage': {'total': 34258022400, 'available': 17810599936, 'percent': 48.0, 'used': 16447422464, 'free': 17810599936}}
2025-02-16 05:12 - INFO - key: cpu_usage
2025-02-16 05:12 - INFO - value={'total': 34258022400, 'available': 17810599936, 'percent': 48.0, 'used': 16447422464, 'free': 17810599936}
2025-02-16 05:12 - INFO - Data cpu measure: {'usage_total': 3.2, 'usage_per_core': [3.1, 1.6, 1.6, 0.0, 9.2, 4.7, 1.6, 1.6, 7.8, 6.2, 1.5, 0.0]}
2025-02-16 05:12 - INFO - Data memory measure: {'total': 34258022400, 'available': 17812037632, 'percent': 48.0, 'used': 16445984768, 'free': 17812037632}
2025-02-16 05:12 - INFO - Encolando evento: {'cpu_usage': {'usage_total': 3.2, 'usage_per_core': [3.1, 1.6, 1.6, 0.0, 9.2, 4.7, 1.6, 1.6, 7.8, 6.2, 1.5, 0.0]}}
2025-02-16 05:12 - INFO - Encolando evento: {'memory_usage': {'total': 34258022400, 'available': 17812037632, 'percent': 48.0, 'used': 16445984768, 'free': 17812037632}}
2025-02-16 05:12 - INFO - key: cpu_usage
2025-02-16 05:12 - INFO - key: memory_usage
2025-02-16 05:12 - INFO - value={'usage_total': 3.2, 'usage_per_core': [3.1, 1.6, 1.6, 0.0, 9.2, 4.7, 1.6, 1.6, 7.8, 6.2, 1.5, 0.0]}
2025-02-16 05:12 - INFO - value={'total': 34258022400, 'available': 17812037632, 'percent': 48.0, 'used': 16445984768, 'free': 17812037632}
2025-02-16 05:12 - INFO - Encolando evento: {'cpu_usage': {'total': 34258022400, 'available': 17812037632, 'percent': 48.0, 'used': 16445984768, 'free': 17812037632}}
2025-02-16 05:12 - INFO - key: cpu_usage
2025-02-16 05:12 - INFO - value={'total': 34258022400, 'available': 17812037632, 'percent': 48.0, 'used': 16445984768, 'free': 17812037632}
2025-02-16 05:12 - INFO - Data cpu measure: {'usage_total': 0.9, 'usage_per_core': [0.0, 0.0, 0.0, 1.5, 0.0, 0.0, 0.0, 1.5, 3.1, 4.6, 0.0, 0.0]}
2025-02-16 05:12 - INFO - Data memory measure: {'total': 34258022400, 'available': 17814650880, 'percent': 48.0, 'used': 16443371520, 'free': 17814650880}
2025-02-16 05:12 - INFO - Encolando evento: {'cpu_usage': {'usage_total': 0.9, 'usage_per_core': [0.0, 0.0, 0.0, 1.5, 0.0, 0.0, 0.0, 1.5, 3.1, 4.6, 0.0, 0.0]}}
2025-02-16 05:12 - INFO - Encolando evento: {'memory_usage': {'total': 34258022400, 'available': 17814650880, 'percent': 48.0, 'used': 16443371520, 'free': 17814650880}}
2025-02-16 05:12 - INFO - key: cpu_usage
2025-02-16 05:12 - INFO - key: memory_usage
2025-02-16 05:12 - INFO - value={'usage_total': 0.9, 'usage_per_core': [0.0, 0.0, 0.0, 1.5, 0.0, 0.0, 0.0, 1.5, 3.1, 4.6, 0.0, 0.0]}
2025-02-16 05:12 - INFO - value={'total': 34258022400, 'available': 17814650880, 'percent': 48.0, 'used': 16443371520, 'free': 17814650880}
2025-02-16 05:12 - INFO - Encolando evento: {'cpu_usage': {'total': 34258022400, 'available': 17814650880, 'percent': 48.0, 'used': 16443371520, 'free': 17814650880}}
2025-02-16 05:12 - INFO - key: cpu_usage
2025-02-16 05:12 - INFO - value={'total': 34258022400, 'available': 17814650880, 'percent': 48.0, 'used': 16443371520, 'free': 17814650880}
2025-02-16 05:12 - INFO - Data cpu measure: {'usage_total': 2.2, 'usage_per_core': [1.6, 0.0, 1.6, 1.6, 3.1, 4.7, 1.6, 0.0, 4.6, 7.6, 0.0, 0.0]}
2025-02-16 05:12 - INFO - Encolando evento: {'cpu_usage': {'usage_total': 2.2, 'usage_per_core': [1.6, 0.0, 1.6, 1.6, 3.1, 4.7, 1.6, 0.0, 4.6, 7.6, 0.0, 0.0]}}
2025-02-16 05:12 - INFO - key: cpu_usage
2025-02-16 05:12 - INFO - value={'usage_total': 2.2, 'usage_per_core': [1.6, 0.0, 1.6, 1.6, 3.1, 4.7, 1.6, 0.0, 4.6, 7.6, 0.0, 0.0]}
2025-02-16 05:12 - INFO - Data memory measure: {'total': 34258022400, 'available': 17815064576, 'percent': 48.0, 'used': 16442957824, 'free': 17815064576}
2025-02-16 05:12 - INFO - Encolando evento: {'memory_usage': {'total': 34258022400, 'available': 17815064576, 'percent': 48.0, 'used': 16442957824, 'free': 17815064576}}
2025-02-16 05:12 - INFO - key: memory_usage
2025-02-16 05:12 - INFO - value={'total': 34258022400, 'available': 17815064576, 'percent': 48.0, 'used': 16442957824, 'free': 17815064576}
2025-02-16 05:12 - INFO - Encolando evento: {'cpu_usage': {'total': 34258022400, 'available': 17815064576, 'percent': 48.0, 'used': 16442957824, 'free': 17815064576}}
2025-02-16 05:12 - INFO - key: cpu_usage
2025-02-16 05:12 - INFO - value={'total': 34258022400, 'available': 17815064576, 'percent': 48.0, 'used': 16442957824, 'free': 17815064576}
2025-02-16 05:12 - INFO - Data cpu measure: {'usage_total': 2.3, 'usage_per_core': [0.0, 0.0, 1.5, 0.0, 4.6, 6.2, 0.0, 3.0, 4.6, 6.2, 0.0, 1.5]}
2025-02-16 05:12 - INFO - Encolando evento: {'cpu_usage': {'usage_total': 2.3, 'usage_per_core': [0.0, 0.0, 1.5, 0.0, 4.6, 6.2, 0.0, 3.0, 4.6, 6.2, 0.0, 1.5]}}
2025-02-16 05:12 - INFO - key: cpu_usage
2025-02-16 05:12 - INFO - value={'usage_total': 2.3, 'usage_per_core': [0.0, 0.0, 1.5, 0.0, 4.6, 6.2, 0.0, 3.0, 4.6, 6.2, 0.0, 1.5]}
2025-02-16 05:12 - INFO - Data memory measure: {'total': 34258022400, 'available': 17816084480, 'percent': 48.0, 'used': 16441937920, 'free': 17816084480}
2025-02-16 05:12 - INFO - Encolando evento: {'memory_usage': {'total': 34258022400, 'available': 17816084480, 'percent': 48.0, 'used': 16441937920, 'free': 17816084480}}
2025-02-16 05:12 - INFO - key: memory_usage
2025-02-16 05:12 - INFO - value={'total': 34258022400, 'available': 17816084480, 'percent': 48.0, 'used': 16441937920, 'free': 17816084480}
2025-02-16 05:12 - INFO - Encolando evento: {'cpu_usage': {'total': 34258022400, 'available': 17816084480, 'percent': 48.0, 'used': 16441937920, 'free': 17816084480}}
2025-02-16 05:12 - INFO - key: cpu_usage
2025-02-16 05:12 - INFO - value={'total': 34258022400, 'available': 17816084480, 'percent': 48.0, 'used': 16441937920, 'free': 17816084480}
2025-02-16 05:12 - INFO - Data cpu measure: {'usage_total': 3.5, 'usage_per_core': [1.6, 0.0, 4.7, 3.1, 15.4, 7.8, 1.5, 0.0, 7.8, 0.0, 0.0, 0.0]}
2025-02-16 05:12 - INFO - Encolando evento: {'cpu_usage': {'usage_total': 3.5, 'usage_per_core': [1.6, 0.0, 4.7, 3.1, 15.4, 7.8, 1.5, 0.0, 7.8, 0.0, 0.0, 0.0]}}
2025-02-16 05:12 - INFO - key: cpu_usage
2025-02-16 05:12 - INFO - value={'usage_total': 3.5, 'usage_per_core': [1.6, 0.0, 4.7, 3.1, 15.4, 7.8, 1.5, 0.0, 7.8, 0.0, 0.0, 0.0]}
2025-02-16 05:12 - INFO - Data memory measure: {'total': 34258022400, 'available': 17816719360, 'percent': 48.0, 'used': 16441303040, 'free': 17816719360}
2025-02-16 05:12 - INFO - Encolando evento: {'memory_usage': {'total': 34258022400, 'available': 17816719360, 'percent': 48.0, 'used': 16441303040, 'free': 17816719360}}
2025-02-16 05:12 - INFO - key: memory_usage
2025-02-16 05:12 - INFO - value={'total': 34258022400, 'available': 17816719360, 'percent': 48.0, 'used': 16441303040, 'free': 17816719360}
2025-02-16 05:12 - INFO - Encolando evento: {'cpu_usage': {'total': 34258022400, 'available': 17816719360, 'percent': 48.0, 'used': 16441303040, 'free': 17816719360}}
2025-02-16 05:12 - INFO - key: cpu_usage
2025-02-16 05:12 - INFO - value={'total': 34258022400, 'available': 17816719360, 'percent': 48.0, 'used': 16441303040, 'free': 17816719360}
2025-02-16 05:12 - INFO - Data cpu measure: {'usage_total': 12.2, 'usage_per_core': [12.5, 7.8, 12.5, 7.8, 20.3, 10.9, 4.7, 7.8, 42.2, 6.2, 7.8, 6.2]}
2025-02-16 05:12 - INFO - Encolando evento: {'cpu_usage': {'usage_total': 12.2, 'usage_per_core': [12.5, 7.8, 12.5, 7.8, 20.3, 10.9, 4.7, 7.8, 42.2, 6.2, 7.8, 6.2]}}
2025-02-16 05:12 - INFO - key: cpu_usage
2025-02-16 05:12 - INFO - value={'usage_total': 12.2, 'usage_per_core': [12.5, 7.8, 12.5, 7.8, 20.3, 10.9, 4.7, 7.8, 42.2, 6.2, 7.8, 6.2]}
2025-02-16 05:12 - INFO - Data memory measure: {'total': 34258022400, 'available': 17816035328, 'percent': 48.0, 'used': 16441987072, 'free': 17816035328}
2025-02-16 05:12 - INFO - Encolando evento: {'memory_usage': {'total': 34258022400, 'available': 17816035328, 'percent': 48.0, 'used': 16441987072, 'free': 17816035328}}
2025-02-16 05:12 - INFO - key: memory_usage
2025-02-16 05:12 - INFO - value={'total': 34258022400, 'available': 17816035328, 'percent': 48.0, 'used': 16441987072, 'free': 17816035328}
2025-02-16 05:12 - INFO - Encolando evento: {'cpu_usage': {'total': 34258022400, 'available': 17816035328, 'percent': 48.0, 'used': 16441987072, 'free': 17816035328}}
2025-02-16 05:12 - INFO - key: cpu_usage
2025-02-16 05:12 - INFO - value={'total': 34258022400, 'available': 17816035328, 'percent': 48.0, 'used': 16441987072, 'free': 17816035328}
2025-02-16 05:12 - INFO - Data cpu measure: {'usage_total': 2.4, 'usage_per_core': [0.0, 1.5, 1.5, 3.1, 4.6, 3.1, 4.6, 1.5, 4.6, 3.1, 0.0, 1.5]}
2025-02-16 05:12 - INFO - Encolando evento: {'cpu_usage': {'usage_total': 2.4, 'usage_per_core': [0.0, 1.5, 1.5, 3.1, 4.6, 3.1, 4.6, 1.5, 4.6, 3.1, 0.0, 1.5]}}
2025-02-16 05:12 - INFO - key: cpu_usage
2025-02-16 05:12 - INFO - value={'usage_total': 2.4, 'usage_per_core': [0.0, 1.5, 1.5, 3.1, 4.6, 3.1, 4.6, 1.5, 4.6, 3.1, 0.0, 1.5]}
2025-02-16 05:12 - INFO - Data memory measure: {'total': 34258022400, 'available': 17824219136, 'percent': 48.0, 'used': 16433803264, 'free': 17824219136}
2025-02-16 05:12 - INFO - Encolando evento: {'memory_usage': {'total': 34258022400, 'available': 17824219136, 'percent': 48.0, 'used': 16433803264, 'free': 17824219136}}
2025-02-16 05:12 - INFO - key: memory_usage
2025-02-16 05:12 - INFO - value={'total': 34258022400, 'available': 17824219136, 'percent': 48.0, 'used': 16433803264, 'free': 17824219136}
2025-02-16 05:12 - INFO - Encolando evento: {'cpu_usage': {'total': 34258022400, 'available': 17824219136, 'percent': 48.0, 'used': 16433803264, 'free': 17824219136}}
2025-02-16 05:12 - INFO - key: cpu_usage
2025-02-16 05:12 - INFO - value={'total': 34258022400, 'available': 17824219136, 'percent': 48.0, 'used': 16433803264, 'free': 17824219136}
2025-02-16 05:12 - INFO - Data cpu measure: {'usage_total': 7.3, 'usage_per_core': [6.2, 1.6, 10.9, 1.6, 20.3, 3.1, 0.0, 0.0, 31.2, 7.7, 4.7, 0.0]}
2025-02-16 05:12 - INFO - Encolando evento: {'cpu_usage': {'usage_total': 7.3, 'usage_per_core': [6.2, 1.6, 10.9, 1.6, 20.3, 3.1, 0.0, 0.0, 31.2, 7.7, 4.7, 0.0]}}
2025-02-16 05:12 - INFO - key: cpu_usage
2025-02-16 05:12 - INFO - value={'usage_total': 7.3, 'usage_per_core': [6.2, 1.6, 10.9, 1.6, 20.3, 3.1, 0.0, 0.0, 31.2, 7.7, 4.7, 0.0]}
2025-02-16 05:12 - INFO - Data memory measure: {'total': 34258022400, 'available': 17756385280, 'percent': 48.2, 'used': 16501637120, 'free': 17756385280}
2025-02-16 05:12 - INFO - Encolando evento: {'memory_usage': {'total': 34258022400, 'available': 17756385280, 'percent': 48.2, 'used': 16501637120, 'free': 17756385280}}
2025-02-16 05:12 - INFO - key: memory_usage
2025-02-16 05:12 - INFO - value={'total': 34258022400, 'available': 17756385280, 'percent': 48.2, 'used': 16501637120, 'free': 17756385280}
2025-02-16 05:12 - INFO - Encolando evento: {'cpu_usage': {'total': 34258022400, 'available': 17756385280, 'percent': 48.2, 'used': 16501637120, 'free': 17756385280}}
2025-02-16 05:12 - INFO - key: cpu_usage
2025-02-16 05:12 - INFO - value={'total': 34258022400, 'available': 17756385280, 'percent': 48.2, 'used': 16501637120, 'free': 17756385280}
2025-02-16 05:12 - INFO - Solicitud recibida: disk_usage
2025-02-16 05:12 - INFO - Data disk measure: {'disk_capacity': {'total': 930.79, 'used': 157.02, 'free': 773.77, 'percent': 16.9}}
2025-02-16 05:12 - INFO - Data cpu measure: {'usage_total': 3.9, 'usage_per_core': [3.1, 4.7, 4.6, 3.1, 3.1, 6.2, 4.6, 1.6, 10.9, 4.7, 0.0, 0.0]}
2025-02-16 05:12 - INFO - Encolando evento: {'cpu_usage': {'usage_total': 3.9, 'usage_per_core': [3.1, 4.7, 4.6, 3.1, 3.1, 6.2, 4.6, 1.6, 10.9, 4.7, 0.0, 0.0]}}
2025-02-16 05:12 - INFO - key: cpu_usage
2025-02-16 05:12 - INFO - value={'usage_total': 3.9, 'usage_per_core': [3.1, 4.7, 4.6, 3.1, 3.1, 6.2, 4.6, 1.6, 10.9, 4.7, 0.0, 0.0]}
2025-02-16 05:12 - INFO - Data memory measure: {'total': 34258022400, 'available': 17758031872, 'percent': 48.2, 'used': 16499990528, 'free': 17758031872}
2025-02-16 05:12 - INFO - Encolando evento: {'memory_usage': {'total': 34258022400, 'available': 17758031872, 'percent': 48.2, 'used': 16499990528, 'free': 17758031872}}
2025-02-16 05:12 - INFO - key: memory_usage
2025-02-16 05:12 - INFO - value={'total': 34258022400, 'available': 17758031872, 'percent': 48.2, 'used': 16499990528, 'free': 17758031872}
2025-02-16 05:12 - INFO - Encolando evento: {'cpu_usage': {'total': 34258022400, 'available': 17758031872, 'percent': 48.2, 'used': 16499990528, 'free': 17758031872}}
2025-02-16 05:12 - INFO - key: cpu_usage
2025-02-16 05:12 - INFO - value={'total': 34258022400, 'available': 17758031872, 'percent': 48.2, 'used': 16499990528, 'free': 17758031872}
2025-02-16 05:12 - INFO - Solicitud recibida: disk_usage
2025-02-16 05:12 - INFO - Data disk measure: {'disk_capacity': {'total': 930.79, 'used': 157.02, 'free': 773.77, 'percent': 16.9}}
2025-02-16 05:12 - INFO - Data cpu measure: {'usage_total': 1.4, 'usage_per_core': [0.0, 1.5, 0.0, 3.1, 4.6, 1.5, 0.0, 0.0, 3.1, 3.1, 0.0, 0.0]}
2025-02-16 05:12 - INFO - Encolando evento: {'cpu_usage': {'usage_total': 1.4, 'usage_per_core': [0.0, 1.5, 0.0, 3.1, 4.6, 1.5, 0.0, 0.0, 3.1, 3.1, 0.0, 0.0]}}
2025-02-16 05:12 - INFO - key: cpu_usage
2025-02-16 05:12 - INFO - value={'usage_total': 1.4, 'usage_per_core': [0.0, 1.5, 0.0, 3.1, 4.6, 1.5, 0.0, 0.0, 3.1, 3.1, 0.0, 0.0]}
2025-02-16 05:12 - INFO - Data memory measure: {'total': 34258022400, 'available': 17767067648, 'percent': 48.1, 'used': 16490954752, 'free': 17767067648}
2025-02-16 05:12 - INFO - Encolando evento: {'memory_usage': {'total': 34258022400, 'available': 17767067648, 'percent': 48.1, 'used': 16490954752, 'free': 17767067648}}
2025-02-16 05:12 - INFO - key: memory_usage
2025-02-16 05:12 - INFO - value={'total': 34258022400, 'available': 17767067648, 'percent': 48.1, 'used': 16490954752, 'free': 17767067648}
2025-02-16 05:12 - INFO - Encolando evento: {'cpu_usage': {'total': 34258022400, 'available': 17767067648, 'percent': 48.1, 'used': 16490954752, 'free': 17767067648}}
2025-02-16 05:12 - INFO - key: cpu_usage
2025-02-16 05:12 - INFO - value={'total': 34258022400, 'available': 17767067648, 'percent': 48.1, 'used': 16490954752, 'free': 17767067648}
2025-02-16 05:12 - INFO - Solicitud recibida: disk_usage
2025-02-16 05:12 - INFO - Data disk measure: {'disk_capacity': {'total': 930.79, 'used': 157.02, 'free': 773.77, 'percent': 16.9}}
2025-02-16 05:12 - INFO - Data cpu measure: {'usage_total': 1.8, 'usage_per_core': [0.0, 0.0, 0.0, 1.6, 6.2, 1.5, 1.6, 3.1, 1.5, 4.5, 1.5, 0.0]}
2025-02-16 05:12 - INFO - Encolando evento: {'cpu_usage': {'usage_total': 1.8, 'usage_per_core': [0.0, 0.0, 0.0, 1.6, 6.2, 1.5, 1.6, 3.1, 1.5, 4.5, 1.5, 0.0]}}
2025-02-16 05:12 - INFO - key: cpu_usage
2025-02-16 05:12 - INFO - value={'usage_total': 1.8, 'usage_per_core': [0.0, 0.0, 0.0, 1.6, 6.2, 1.5, 1.6, 3.1, 1.5, 4.5, 1.5, 0.0]}
2025-02-16 05:12 - INFO - Solicitud recibida: disk_usage
2025-02-16 05:12 - INFO - Data disk measure: {'disk_capacity': {'total': 930.79, 'used': 157.02, 'free': 773.77, 'percent': 16.9}}
2025-02-16 05:12 - INFO - Data memory measure: {'total': 34258022400, 'available': 17767628800, 'percent': 48.1, 'used': 16490393600, 'free': 17767628800}
2025-02-16 05:12 - INFO - Encolando evento: {'memory_usage': {'total': 34258022400, 'available': 17767628800, 'percent': 48.1, 'used': 16490393600, 'free': 17767628800}}
2025-02-16 05:12 - INFO - key: memory_usage
2025-02-16 05:12 - INFO - value={'total': 34258022400, 'available': 17767628800, 'percent': 48.1, 'used': 16490393600, 'free': 17767628800}
2025-02-16 05:12 - INFO - Encolando evento: {'cpu_usage': {'total': 34258022400, 'available': 17767628800, 'percent': 48.1, 'used': 16490393600, 'free': 17767628800}}
2025-02-16 05:12 - INFO - key: cpu_usage
2025-02-16 05:12 - INFO - value={'total': 34258022400, 'available': 17767628800, 'percent': 48.1, 'used': 16490393600, 'free': 17767628800}
2025-02-16 05:12 - INFO - Solicitud recibida: disk_usage
2025-02-16 05:12 - INFO - Data disk measure: {'disk_capacity': {'total': 930.79, 'used': 157.02, 'free': 773.77, 'percent': 16.9}}
2025-02-16 05:12 - INFO - Data cpu measure: {'usage_total': 3.8, 'usage_per_core': [0.0, 1.5, 4.5, 1.5, 9.4, 9.4, 0.0, 1.6, 6.2, 9.2, 1.6, 0.0]}
2025-02-16 05:12 - INFO - Encolando evento: {'cpu_usage': {'usage_total': 3.8, 'usage_per_core': [0.0, 1.5, 4.5, 1.5, 9.4, 9.4, 0.0, 1.6, 6.2, 9.2, 1.6, 0.0]}}
2025-02-16 05:12 - INFO - key: cpu_usage
2025-02-16 05:12 - INFO - value={'usage_total': 3.8, 'usage_per_core': [0.0, 1.5, 4.5, 1.5, 9.4, 9.4, 0.0, 1.6, 6.2, 9.2, 1.6, 0.0]}
2025-02-16 05:12 - INFO - Data memory measure: {'total': 34258022400, 'available': 17767297024, 'percent': 48.1, 'used': 16490725376, 'free': 17767297024}
2025-02-16 05:12 - INFO - Encolando evento: {'memory_usage': {'total': 34258022400, 'available': 17767297024, 'percent': 48.1, 'used': 16490725376, 'free': 17767297024}}
2025-02-16 05:12 - INFO - key: memory_usage
2025-02-16 05:12 - INFO - value={'total': 34258022400, 'available': 17767297024, 'percent': 48.1, 'used': 16490725376, 'free': 17767297024}
2025-02-16 05:12 - INFO - Encolando evento: {'cpu_usage': {'total': 34258022400, 'available': 17767297024, 'percent': 48.1, 'used': 16490725376, 'free': 17767297024}}
2025-02-16 05:12 - INFO - key: cpu_usage
2025-02-16 05:12 - INFO - value={'total': 34258022400, 'available': 17767297024, 'percent': 48.1, 'used': 16490725376, 'free': 17767297024}
2025-02-16 05:12 - INFO - Solicitud recibida: disk_usage
2025-02-16 05:12 - INFO - Data disk measure: {'disk_capacity': {'total': 930.79, 'used': 157.02, 'free': 773.77, 'percent': 16.9}}
2025-02-16 05:12 - INFO - Data cpu measure: {'usage_total': 8.1, 'usage_per_core': [4.7, 3.1, 10.9, 6.2, 15.6, 18.8, 3.1, 6.2, 14.1, 6.2, 3.1, 4.8]}
2025-02-16 05:12 - INFO - Encolando evento: {'cpu_usage': {'usage_total': 8.1, 'usage_per_core': [4.7, 3.1, 10.9, 6.2, 15.6, 18.8, 3.1, 6.2, 14.1, 6.2, 3.1, 4.8]}}
2025-02-16 05:12 - INFO - key: cpu_usage
2025-02-16 05:12 - INFO - value={'usage_total': 8.1, 'usage_per_core': [4.7, 3.1, 10.9, 6.2, 15.6, 18.8, 3.1, 6.2, 14.1, 6.2, 3.1, 4.8]}
2025-02-16 05:12 - INFO - Data memory measure: {'total': 34258022400, 'available': 17750908928, 'percent': 48.2, 'used': 16507113472, 'free': 17750908928}
2025-02-16 05:12 - INFO - Encolando evento: {'memory_usage': {'total': 34258022400, 'available': 17750908928, 'percent': 48.2, 'used': 16507113472, 'free': 17750908928}}
2025-02-16 05:12 - INFO - key: memory_usage
2025-02-16 05:12 - INFO - value={'total': 34258022400, 'available': 17750908928, 'percent': 48.2, 'used': 16507113472, 'free': 17750908928}
2025-02-16 05:12 - INFO - Encolando evento: {'cpu_usage': {'total': 34258022400, 'available': 17750908928, 'percent': 48.2, 'used': 16507113472, 'free': 17750908928}}
2025-02-16 05:12 - INFO - key: cpu_usage
2025-02-16 05:12 - INFO - value={'total': 34258022400, 'available': 17750908928, 'percent': 48.2, 'used': 16507113472, 'free': 17750908928}
2025-02-16 05:12 - INFO - Solicitud recibida: disk_usage
2025-02-16 05:12 - INFO - Data disk measure: {'disk_capacity': {'total': 930.79, 'used': 157.02, 'free': 773.77, 'percent': 16.9}}
2025-02-16 05:12 - INFO - Data cpu measure: {'usage_total': 5.3, 'usage_per_core': [4.5, 0.0, 3.1, 9.2, 6.1, 10.8, 0.0, 0.0, 9.2, 9.2, 6.2, 4.7]}
2025-02-16 05:12 - INFO - Encolando evento: {'cpu_usage': {'usage_total': 5.3, 'usage_per_core': [4.5, 0.0, 3.1, 9.2, 6.1, 10.8, 0.0, 0.0, 9.2, 9.2, 6.2, 4.7]}}
2025-02-16 05:12 - INFO - key: cpu_usage
2025-02-16 05:12 - INFO - value={'usage_total': 5.3, 'usage_per_core': [4.5, 0.0, 3.1, 9.2, 6.1, 10.8, 0.0, 0.0, 9.2, 9.2, 6.2, 4.7]}
2025-02-16 05:12 - INFO - Data memory measure: {'total': 34258022400, 'available': 17747771392, 'percent': 48.2, 'used': 16510251008, 'free': 17747771392}
2025-02-16 05:12 - INFO - Encolando evento: {'memory_usage': {'total': 34258022400, 'available': 17747771392, 'percent': 48.2, 'used': 16510251008, 'free': 17747771392}}
2025-02-16 05:12 - INFO - key: memory_usage
2025-02-16 05:12 - INFO - value={'total': 34258022400, 'available': 17747771392, 'percent': 48.2, 'used': 16510251008, 'free': 17747771392}
2025-02-16 05:12 - INFO - Encolando evento: {'cpu_usage': {'total': 34258022400, 'available': 17747771392, 'percent': 48.2, 'used': 16510251008, 'free': 17747771392}}
2025-02-16 05:12 - INFO - key: cpu_usage
2025-02-16 05:12 - INFO - value={'total': 34258022400, 'available': 17747771392, 'percent': 48.2, 'used': 16510251008, 'free': 17747771392}
2025-02-16 05:12 - INFO - Solicitud recibida: disk_usage
2025-02-16 05:12 - INFO - Data disk measure: {'disk_capacity': {'total': 930.79, 'used': 157.02, 'free': 773.77, 'percent': 16.9}}
2025-02-16 05:12 - INFO - Data cpu measure: {'usage_total': 11.4, 'usage_per_core': [6.2, 9.2, 9.4, 6.2, 28.1, 15.6, 18.2, 6.2, 15.6, 10.4, 9.1, 3.0]}
2025-02-16 05:12 - INFO - Encolando evento: {'cpu_usage': {'usage_total': 11.4, 'usage_per_core': [6.2, 9.2, 9.4, 6.2, 28.1, 15.6, 18.2, 6.2, 15.6, 10.4, 9.1, 3.0]}}
2025-02-16 05:12 - INFO - key: cpu_usage
2025-02-16 05:12 - INFO - value={'usage_total': 11.4, 'usage_per_core': [6.2, 9.2, 9.4, 6.2, 28.1, 15.6, 18.2, 6.2, 15.6, 10.4, 9.1, 3.0]}
2025-02-16 05:12 - INFO - Data memory measure: {'total': 34258022400, 'available': 17535778816, 'percent': 48.8, 'used': 16722243584, 'free': 17535778816}
2025-02-16 05:12 - INFO - Encolando evento: {'memory_usage': {'total': 34258022400, 'available': 17535778816, 'percent': 48.8, 'used': 16722243584, 'free': 17535778816}}
2025-02-16 05:12 - INFO - key: memory_usage
2025-02-16 05:12 - INFO - value={'total': 34258022400, 'available': 17535778816, 'percent': 48.8, 'used': 16722243584, 'free': 17535778816}
2025-02-16 05:12 - INFO - Encolando evento: {'cpu_usage': {'total': 34258022400, 'available': 17535778816, 'percent': 48.8, 'used': 16722243584, 'free': 17535778816}}
2025-02-16 05:12 - INFO - key: cpu_usage
2025-02-16 05:12 - INFO - value={'total': 34258022400, 'available': 17535778816, 'percent': 48.8, 'used': 16722243584, 'free': 17535778816}
2025-02-16 05:12 - INFO - Solicitud recibida: disk_usage
2025-02-16 05:12 - INFO - Data disk measure: {'disk_capacity': {'total': 930.79, 'used': 157.02, 'free': 773.77, 'percent': 16.9}}
2025-02-16 05:12 - INFO - Data cpu measure: {'usage_total': 12.3, 'usage_per_core': [7.8, 9.4, 9.2, 9.2, 10.8, 7.7, 52.4, 15.6, 6.2, 9.2, 4.6, 6.2]}
2025-02-16 05:12 - INFO - Encolando evento: {'cpu_usage': {'usage_total': 12.3, 'usage_per_core': [7.8, 9.4, 9.2, 9.2, 10.8, 7.7, 52.4, 15.6, 6.2, 9.2, 4.6, 6.2]}}
2025-02-16 05:12 - INFO - key: cpu_usage
2025-02-16 05:12 - INFO - value={'usage_total': 12.3, 'usage_per_core': [7.8, 9.4, 9.2, 9.2, 10.8, 7.7, 52.4, 15.6, 6.2, 9.2, 4.6, 6.2]}
2025-02-16 05:12 - INFO - Data memory measure: {'total': 34258022400, 'available': 17540984832, 'percent': 48.8, 'used': 16717037568, 'free': 17540984832}
2025-02-16 05:12 - INFO - Encolando evento: {'memory_usage': {'total': 34258022400, 'available': 17540984832, 'percent': 48.8, 'used': 16717037568, 'free': 17540984832}}
2025-02-16 05:12 - INFO - key: memory_usage
2025-02-16 05:12 - INFO - value={'total': 34258022400, 'available': 17540984832, 'percent': 48.8, 'used': 16717037568, 'free': 17540984832}
2025-02-16 05:12 - INFO - Encolando evento: {'cpu_usage': {'total': 34258022400, 'available': 17540984832, 'percent': 48.8, 'used': 16717037568, 'free': 17540984832}}
2025-02-16 05:12 - INFO - key: cpu_usage
2025-02-16 05:12 - INFO - value={'total': 34258022400, 'available': 17540984832, 'percent': 48.8, 'used': 16717037568, 'free': 17540984832}
2025-02-16 05:12 - INFO - Solicitud recibida: disk_usage
2025-02-16 05:12 - INFO - Data disk measure: {'disk_capacity': {'total': 930.79, 'used': 157.02, 'free': 773.77, 'percent': 16.9}}
2025-02-16 05:12 - INFO - Data cpu measure: {'usage_total': 7.0, 'usage_per_core': [3.1, 4.6, 4.7, 4.7, 14.1, 6.2, 3.0, 10.8, 7.8, 12.5, 10.9, 1.6]}
2025-02-16 05:12 - INFO - Encolando evento: {'cpu_usage': {'usage_total': 7.0, 'usage_per_core': [3.1, 4.6, 4.7, 4.7, 14.1, 6.2, 3.0, 10.8, 7.8, 12.5, 10.9, 1.6]}}
2025-02-16 05:12 - INFO - key: cpu_usage
2025-02-16 05:12 - INFO - value={'usage_total': 7.0, 'usage_per_core': [3.1, 4.6, 4.7, 4.7, 14.1, 6.2, 3.0, 10.8, 7.8, 12.5, 10.9, 1.6]}
2025-02-16 05:12 - INFO - Data memory measure: {'total': 34258022400, 'available': 17557716992, 'percent': 48.7, 'used': 16700305408, 'free': 17557716992}
2025-02-16 05:12 - INFO - Encolando evento: {'memory_usage': {'total': 34258022400, 'available': 17557716992, 'percent': 48.7, 'used': 16700305408, 'free': 17557716992}}
2025-02-16 05:12 - INFO - key: memory_usage
2025-02-16 05:12 - INFO - value={'total': 34258022400, 'available': 17557716992, 'percent': 48.7, 'used': 16700305408, 'free': 17557716992}
2025-02-16 05:12 - INFO - Encolando evento: {'cpu_usage': {'total': 34258022400, 'available': 17557716992, 'percent': 48.7, 'used': 16700305408, 'free': 17557716992}}
2025-02-16 05:12 - INFO - key: cpu_usage
2025-02-16 05:12 - INFO - value={'total': 34258022400, 'available': 17557716992, 'percent': 48.7, 'used': 16700305408, 'free': 17557716992}
2025-02-16 05:12 - INFO - Solicitud recibida: disk_usage
2025-02-16 05:12 - INFO - Data disk measure: {'disk_capacity': {'total': 930.79, 'used': 157.02, 'free': 773.77, 'percent': 16.9}}
2025-02-16 05:12 - INFO - Data cpu measure: {'usage_total': 4.2, 'usage_per_core': [6.1, 1.5, 4.6, 6.1, 3.1, 6.2, 3.1, 6.2, 4.6, 7.7, 0.0, 1.5]}
2025-02-16 05:12 - INFO - Encolando evento: {'cpu_usage': {'usage_total': 4.2, 'usage_per_core': [6.1, 1.5, 4.6, 6.1, 3.1, 6.2, 3.1, 6.2, 4.6, 7.7, 0.0, 1.5]}}
2025-02-16 05:12 - INFO - key: cpu_usage
2025-02-16 05:12 - INFO - value={'usage_total': 4.2, 'usage_per_core': [6.1, 1.5, 4.6, 6.1, 3.1, 6.2, 3.1, 6.2, 4.6, 7.7, 0.0, 1.5]}
2025-02-16 05:12 - INFO - Data memory measure: {'total': 34258022400, 'available': 17553276928, 'percent': 48.8, 'used': 16704745472, 'free': 17553276928}
2025-02-16 05:12 - INFO - Encolando evento: {'memory_usage': {'total': 34258022400, 'available': 17553276928, 'percent': 48.8, 'used': 16704745472, 'free': 17553276928}}
2025-02-16 05:12 - INFO - key: memory_usage
2025-02-16 05:12 - INFO - value={'total': 34258022400, 'available': 17553276928, 'percent': 48.8, 'used': 16704745472, 'free': 17553276928}
2025-02-16 05:12 - INFO - Encolando evento: {'cpu_usage': {'total': 34258022400, 'available': 17553276928, 'percent': 48.8, 'used': 16704745472, 'free': 17553276928}}
2025-02-16 05:12 - INFO - key: cpu_usage
2025-02-16 05:12 - INFO - value={'total': 34258022400, 'available': 17553276928, 'percent': 48.8, 'used': 16704745472, 'free': 17553276928}
2025-02-16 05:12 - INFO - Solicitud recibida: disk_usage
2025-02-16 05:12 - INFO - Data disk measure: {'disk_capacity': {'total': 930.79, 'used': 157.02, 'free': 773.77, 'percent': 16.9}}
2025-02-16 05:12 - INFO - Data cpu measure: {'usage_total': 1.2, 'usage_per_core': [1.5, 0.0, 0.0, 0.0, 4.6, 3.1, 0.0, 0.0, 3.1, 1.5, 0.0, 0.0]}
2025-02-16 05:12 - INFO - Encolando evento: {'cpu_usage': {'usage_total': 1.2, 'usage_per_core': [1.5, 0.0, 0.0, 0.0, 4.6, 3.1, 0.0, 0.0, 3.1, 1.5, 0.0, 0.0]}}
2025-02-16 05:12 - INFO - key: cpu_usage
2025-02-16 05:12 - INFO - value={'usage_total': 1.2, 'usage_per_core': [1.5, 0.0, 0.0, 0.0, 4.6, 3.1, 0.0, 0.0, 3.1, 1.5, 0.0, 0.0]}
2025-02-16 05:12 - INFO - Data memory measure: {'total': 34258022400, 'available': 17556029440, 'percent': 48.8, 'used': 16701992960, 'free': 17556029440}
2025-02-16 05:12 - INFO - Encolando evento: {'memory_usage': {'total': 34258022400, 'available': 17556029440, 'percent': 48.8, 'used': 16701992960, 'free': 17556029440}}
2025-02-16 05:12 - INFO - key: memory_usage
2025-02-16 05:12 - INFO - value={'total': 34258022400, 'available': 17556029440, 'percent': 48.8, 'used': 16701992960, 'free': 17556029440}
2025-02-16 05:12 - INFO - Encolando evento: {'cpu_usage': {'total': 34258022400, 'available': 17556029440, 'percent': 48.8, 'used': 16701992960, 'free': 17556029440}}
2025-02-16 05:12 - INFO - key: cpu_usage
2025-02-16 05:12 - INFO - value={'total': 34258022400, 'available': 17556029440, 'percent': 48.8, 'used': 16701992960, 'free': 17556029440}
2025-02-16 05:12 - INFO - Solicitud recibida: disk_usage
2025-02-16 05:12 - INFO - Data disk measure: {'disk_capacity': {'total': 930.79, 'used': 157.02, 'free': 773.77, 'percent': 16.9}}
2025-02-16 05:12 - INFO - Data cpu measure: {'usage_total': 3.3, 'usage_per_core': [6.2, 0.0, 1.6, 4.7, 4.7, 4.7, 0.0, 3.2, 6.2, 6.2, 0.0, 1.6]}
2025-02-16 05:12 - INFO - Encolando evento: {'cpu_usage': {'usage_total': 3.3, 'usage_per_core': [6.2, 0.0, 1.6, 4.7, 4.7, 4.7, 0.0, 3.2, 6.2, 6.2, 0.0, 1.6]}}
2025-02-16 05:12 - INFO - key: cpu_usage
2025-02-16 05:12 - INFO - value={'usage_total': 3.3, 'usage_per_core': [6.2, 0.0, 1.6, 4.7, 4.7, 4.7, 0.0, 3.2, 6.2, 6.2, 0.0, 1.6]}
2025-02-16 05:12 - INFO - Data memory measure: {'total': 34258022400, 'available': 17557884928, 'percent': 48.7, 'used': 16700137472, 'free': 17557884928}
2025-02-16 05:12 - INFO - Encolando evento: {'memory_usage': {'total': 34258022400, 'available': 17557884928, 'percent': 48.7, 'used': 16700137472, 'free': 17557884928}}
2025-02-16 05:12 - INFO - key: memory_usage
2025-02-16 05:12 - INFO - value={'total': 34258022400, 'available': 17557884928, 'percent': 48.7, 'used': 16700137472, 'free': 17557884928}
2025-02-16 05:12 - INFO - Encolando evento: {'cpu_usage': {'total': 34258022400, 'available': 17557884928, 'percent': 48.7, 'used': 16700137472, 'free': 17557884928}}
2025-02-16 05:12 - INFO - key: cpu_usage
2025-02-16 05:12 - INFO - value={'total': 34258022400, 'available': 17557884928, 'percent': 48.7, 'used': 16700137472, 'free': 17557884928}
2025-02-16 05:12 - INFO - Solicitud recibida: disk_usage
2025-02-16 05:12 - INFO - Data disk measure: {'disk_capacity': {'total': 930.79, 'used': 157.02, 'free': 773.77, 'percent': 16.9}}
2025-02-16 05:12 - INFO - Data cpu measure: {'usage_total': 3.0, 'usage_per_core': [3.1, 0.0, 0.0, 3.1, 6.2, 6.2, 0.0, 0.0, 10.8, 6.2, 0.0, 0.0]}
2025-02-16 05:12 - INFO - Encolando evento: {'cpu_usage': {'usage_total': 3.0, 'usage_per_core': [3.1, 0.0, 0.0, 3.1, 6.2, 6.2, 0.0, 0.0, 10.8, 6.2, 0.0, 0.0]}}
2025-02-16 05:12 - INFO - key: cpu_usage
2025-02-16 05:12 - INFO - value={'usage_total': 3.0, 'usage_per_core': [3.1, 0.0, 0.0, 3.1, 6.2, 6.2, 0.0, 0.0, 10.8, 6.2, 0.0, 0.0]}
2025-02-16 05:12 - INFO - Data memory measure: {'total': 34258022400, 'available': 17565237248, 'percent': 48.7, 'used': 16692785152, 'free': 17565237248}
2025-02-16 05:12 - INFO - Encolando evento: {'memory_usage': {'total': 34258022400, 'available': 17565237248, 'percent': 48.7, 'used': 16692785152, 'free': 17565237248}}
2025-02-16 05:12 - INFO - key: memory_usage
2025-02-16 05:12 - INFO - value={'total': 34258022400, 'available': 17565237248, 'percent': 48.7, 'used': 16692785152, 'free': 17565237248}
2025-02-16 05:12 - INFO - Encolando evento: {'cpu_usage': {'total': 34258022400, 'available': 17565237248, 'percent': 48.7, 'used': 16692785152, 'free': 17565237248}}
2025-02-16 05:12 - INFO - key: cpu_usage
2025-02-16 05:12 - INFO - value={'total': 34258022400, 'available': 17565237248, 'percent': 48.7, 'used': 16692785152, 'free': 17565237248}
2025-02-16 05:12 - INFO - Data cpu measure: {'usage_total': 5.7, 'usage_per_core': [10.6, 3.1, 7.7, 9.1, 6.2, 9.2, 3.1, 1.6, 10.6, 1.5, 3.0, 3.1]}
2025-02-16 05:12 - INFO - Encolando evento: {'cpu_usage': {'usage_total': 5.7, 'usage_per_core': [10.6, 3.1, 7.7, 9.1, 6.2, 9.2, 3.1, 1.6, 10.6, 1.5, 3.0, 3.1]}}
2025-02-16 05:12 - INFO - key: cpu_usage
2025-02-16 05:12 - INFO - value={'usage_total': 5.7, 'usage_per_core': [10.6, 3.1, 7.7, 9.1, 6.2, 9.2, 3.1, 1.6, 10.6, 1.5, 3.0, 3.1]}
2025-02-16 05:12 - INFO - Data memory measure: {'total': 34258022400, 'available': 17625227264, 'percent': 48.6, 'used': 16632795136, 'free': 17625227264}
2025-02-16 05:12 - INFO - Encolando evento: {'memory_usage': {'total': 34258022400, 'available': 17625227264, 'percent': 48.6, 'used': 16632795136, 'free': 17625227264}}
2025-02-16 05:12 - INFO - key: memory_usage
2025-02-16 05:12 - INFO - value={'total': 34258022400, 'available': 17625227264, 'percent': 48.6, 'used': 16632795136, 'free': 17625227264}
2025-02-16 05:12 - INFO - Encolando evento: {'cpu_usage': {'total': 34258022400, 'available': 17625227264, 'percent': 48.6, 'used': 16632795136, 'free': 17625227264}}
2025-02-16 05:12 - INFO - key: cpu_usage
2025-02-16 05:12 - INFO - value={'total': 34258022400, 'available': 17625227264, 'percent': 48.6, 'used': 16632795136, 'free': 17625227264}
2025-02-16 05:12 - INFO - Data cpu measure: {'usage_total': 1.7, 'usage_per_core': [0.0, 0.0, 0.0, 0.0, 1.6, 3.1, 1.5, 1.5, 7.8, 4.7, 0.0, 0.0]}
2025-02-16 05:12 - INFO - Encolando evento: {'cpu_usage': {'usage_total': 1.7, 'usage_per_core': [0.0, 0.0, 0.0, 0.0, 1.6, 3.1, 1.5, 1.5, 7.8, 4.7, 0.0, 0.0]}}
2025-02-16 05:12 - INFO - key: cpu_usage
2025-02-16 05:12 - INFO - value={'usage_total': 1.7, 'usage_per_core': [0.0, 0.0, 0.0, 0.0, 1.6, 3.1, 1.5, 1.5, 7.8, 4.7, 0.0, 0.0]}
2025-02-16 05:13 - INFO - Monitor de recursos inicializado.
2025-02-16 05:13 - INFO - Data cpu measure: {'usage_total': 0.0, 'usage_per_core': [0.0, 0.0, 0.0, 0.0, 0.0, 0.0, 0.0, 0.0, 0.0, 0.0, 0.0, 0.0]}
2025-02-16 05:13 - INFO - Encolando evento: {'cpu_usage': {'usage_total': 0.0, 'usage_per_core': [0.0, 0.0, 0.0, 0.0, 0.0, 0.0, 0.0, 0.0, 0.0, 0.0, 0.0, 0.0]}}
2025-02-16 05:13 - INFO - key: cpu_usage
2025-02-16 05:13 - INFO - Data memory measure: {'total': 34258022400, 'available': 17657540608, 'percent': 48.5, 'used': 16600481792, 'free': 17657540608}
2025-02-16 05:13 - INFO - value={'usage_total': 0.0, 'usage_per_core': [0.0, 0.0, 0.0, 0.0, 0.0, 0.0, 0.0, 0.0, 0.0, 0.0, 0.0, 0.0]}
2025-02-16 05:13 - INFO - Encolando evento: {'memory_usage': {'total': 34258022400, 'available': 17657540608, 'percent': 48.5, 'used': 16600481792, 'free': 17657540608}}
2025-02-16 05:13 - INFO - key: memory_usage
2025-02-16 05:13 - INFO - value={'total': 34258022400, 'available': 17657540608, 'percent': 48.5, 'used': 16600481792, 'free': 17657540608}
2025-02-16 05:13 - INFO - Encolando evento: {'cpu_usage': {'total': 34258022400, 'available': 17657540608, 'percent': 48.5, 'used': 16600481792, 'free': 17657540608}}
2025-02-16 05:13 - INFO - key: cpu_usage
2025-02-16 05:13 - INFO - value={'total': 34258022400, 'available': 17657540608, 'percent': 48.5, 'used': 16600481792, 'free': 17657540608}
2025-02-16 05:13 - INFO - Data cpu measure: {'usage_total': 4.2, 'usage_per_core': [6.1, 3.0, 1.5, 9.2, 9.1, 4.6, 1.5, 0.0, 7.7, 3.0, 4.6, 0.0]}
2025-02-16 05:13 - INFO - Data memory measure: {'total': 34258022400, 'available': 17659465728, 'percent': 48.5, 'used': 16598556672, 'free': 17659465728}
2025-02-16 05:13 - INFO - Encolando evento: {'cpu_usage': {'usage_total': 4.2, 'usage_per_core': [6.1, 3.0, 1.5, 9.2, 9.1, 4.6, 1.5, 0.0, 7.7, 3.0, 4.6, 0.0]}}
2025-02-16 05:13 - INFO - Encolando evento: {'memory_usage': {'total': 34258022400, 'available': 17659465728, 'percent': 48.5, 'used': 16598556672, 'free': 17659465728}}
2025-02-16 05:13 - INFO - key: cpu_usage
2025-02-16 05:13 - INFO - key: memory_usage
2025-02-16 05:13 - INFO - value={'usage_total': 4.2, 'usage_per_core': [6.1, 3.0, 1.5, 9.2, 9.1, 4.6, 1.5, 0.0, 7.7, 3.0, 4.6, 0.0]}
2025-02-16 05:13 - INFO - value={'total': 34258022400, 'available': 17659465728, 'percent': 48.5, 'used': 16598556672, 'free': 17659465728}
2025-02-16 05:13 - INFO - Encolando evento: {'cpu_usage': {'total': 34258022400, 'available': 17659465728, 'percent': 48.5, 'used': 16598556672, 'free': 17659465728}}
2025-02-16 05:13 - INFO - key: cpu_usage
2025-02-16 05:13 - INFO - value={'total': 34258022400, 'available': 17659465728, 'percent': 48.5, 'used': 16598556672, 'free': 17659465728}
2025-02-16 05:13 - INFO - Data cpu measure: {'usage_total': 9.1, 'usage_per_core': [10.6, 9.2, 9.4, 6.2, 12.5, 10.9, 4.7, 4.7, 18.8, 14.1, 3.1, 4.7]}
2025-02-16 05:13 - INFO - Data memory measure: {'total': 34258022400, 'available': 17691148288, 'percent': 48.4, 'used': 16566874112, 'free': 17691148288}
2025-02-16 05:13 - INFO - Encolando evento: {'cpu_usage': {'usage_total': 9.1, 'usage_per_core': [10.6, 9.2, 9.4, 6.2, 12.5, 10.9, 4.7, 4.7, 18.8, 14.1, 3.1, 4.7]}}
2025-02-16 05:13 - INFO - Encolando evento: {'memory_usage': {'total': 34258022400, 'available': 17691148288, 'percent': 48.4, 'used': 16566874112, 'free': 17691148288}}
2025-02-16 05:13 - INFO - key: cpu_usage
2025-02-16 05:13 - INFO - key: memory_usage
2025-02-16 05:13 - INFO - value={'usage_total': 9.1, 'usage_per_core': [10.6, 9.2, 9.4, 6.2, 12.5, 10.9, 4.7, 4.7, 18.8, 14.1, 3.1, 4.7]}
2025-02-16 05:13 - INFO - value={'total': 34258022400, 'available': 17691148288, 'percent': 48.4, 'used': 16566874112, 'free': 17691148288}
2025-02-16 05:13 - INFO - Encolando evento: {'cpu_usage': {'total': 34258022400, 'available': 17691148288, 'percent': 48.4, 'used': 16566874112, 'free': 17691148288}}
2025-02-16 05:13 - INFO - key: cpu_usage
2025-02-16 05:13 - INFO - value={'total': 34258022400, 'available': 17691148288, 'percent': 48.4, 'used': 16566874112, 'free': 17691148288}
2025-02-16 05:13 - INFO - Data memory measure: {'total': 34258022400, 'available': 17685553152, 'percent': 48.4, 'used': 16572469248, 'free': 17685553152}
2025-02-16 05:13 - INFO - Data cpu measure: {'usage_total': 6.3, 'usage_per_core': [3.1, 10.6, 6.2, 6.2, 7.7, 7.7, 4.6, 6.2, 9.2, 6.2, 3.1, 4.6]}
2025-02-16 05:13 - INFO - Encolando evento: {'memory_usage': {'total': 34258022400, 'available': 17685553152, 'percent': 48.4, 'used': 16572469248, 'free': 17685553152}}
2025-02-16 05:13 - INFO - Encolando evento: {'cpu_usage': {'usage_total': 6.3, 'usage_per_core': [3.1, 10.6, 6.2, 6.2, 7.7, 7.7, 4.6, 6.2, 9.2, 6.2, 3.1, 4.6]}}
2025-02-16 05:13 - INFO - key: memory_usage
2025-02-16 05:13 - INFO - key: cpu_usage
2025-02-16 05:13 - INFO - value={'total': 34258022400, 'available': 17685553152, 'percent': 48.4, 'used': 16572469248, 'free': 17685553152}
2025-02-16 05:13 - INFO - value={'usage_total': 6.3, 'usage_per_core': [3.1, 10.6, 6.2, 6.2, 7.7, 7.7, 4.6, 6.2, 9.2, 6.2, 3.1, 4.6]}
2025-02-16 05:13 - INFO - Encolando evento: {'cpu_usage': {'total': 34258022400, 'available': 17685553152, 'percent': 48.4, 'used': 16572469248, 'free': 17685553152}}
2025-02-16 05:13 - INFO - key: cpu_usage
2025-02-16 05:13 - INFO - value={'total': 34258022400, 'available': 17685553152, 'percent': 48.4, 'used': 16572469248, 'free': 17685553152}
2025-02-16 05:13 - INFO - Data cpu measure: {'usage_total': 3.6, 'usage_per_core': [9.0, 0.0, 1.6, 0.0, 6.2, 6.2, 0.0, 0.0, 9.4, 10.8, 0.0, 0.0]}
2025-02-16 05:13 - INFO - Data memory measure: {'total': 34258022400, 'available': 17683177472, 'percent': 48.4, 'used': 16574844928, 'free': 17683177472}
2025-02-16 05:13 - INFO - Encolando evento: {'cpu_usage': {'usage_total': 3.6, 'usage_per_core': [9.0, 0.0, 1.6, 0.0, 6.2, 6.2, 0.0, 0.0, 9.4, 10.8, 0.0, 0.0]}}
2025-02-16 05:13 - INFO - Encolando evento: {'memory_usage': {'total': 34258022400, 'available': 17683177472, 'percent': 48.4, 'used': 16574844928, 'free': 17683177472}}
2025-02-16 05:13 - INFO - key: cpu_usage
2025-02-16 05:13 - INFO - key: memory_usage
2025-02-16 05:13 - INFO - value={'usage_total': 3.6, 'usage_per_core': [9.0, 0.0, 1.6, 0.0, 6.2, 6.2, 0.0, 0.0, 9.4, 10.8, 0.0, 0.0]}
2025-02-16 05:13 - INFO - value={'total': 34258022400, 'available': 17683177472, 'percent': 48.4, 'used': 16574844928, 'free': 17683177472}
2025-02-16 05:13 - INFO - Encolando evento: {'cpu_usage': {'total': 34258022400, 'available': 17683177472, 'percent': 48.4, 'used': 16574844928, 'free': 17683177472}}
2025-02-16 05:13 - INFO - key: cpu_usage
2025-02-16 05:13 - INFO - value={'total': 34258022400, 'available': 17683177472, 'percent': 48.4, 'used': 16574844928, 'free': 17683177472}
2025-02-16 05:13 - INFO - Data cpu measure: {'usage_total': 8.8, 'usage_per_core': [4.6, 4.6, 13.6, 9.1, 20.0, 7.7, 0.0, 3.1, 29.2, 6.2, 3.0, 4.6]}
2025-02-16 05:13 - INFO - Data memory measure: {'total': 34258022400, 'available': 17663655936, 'percent': 48.4, 'used': 16594366464, 'free': 17663655936}
2025-02-16 05:13 - INFO - Encolando evento: {'cpu_usage': {'usage_total': 8.8, 'usage_per_core': [4.6, 4.6, 13.6, 9.1, 20.0, 7.7, 0.0, 3.1, 29.2, 6.2, 3.0, 4.6]}}
2025-02-16 05:13 - INFO - Encolando evento: {'memory_usage': {'total': 34258022400, 'available': 17663655936, 'percent': 48.4, 'used': 16594366464, 'free': 17663655936}}
2025-02-16 05:13 - INFO - key: cpu_usage
2025-02-16 05:13 - INFO - key: memory_usage
2025-02-16 05:13 - INFO - value={'usage_total': 8.8, 'usage_per_core': [4.6, 4.6, 13.6, 9.1, 20.0, 7.7, 0.0, 3.1, 29.2, 6.2, 3.0, 4.6]}
2025-02-16 05:13 - INFO - value={'total': 34258022400, 'available': 17663655936, 'percent': 48.4, 'used': 16594366464, 'free': 17663655936}
2025-02-16 05:13 - INFO - Encolando evento: {'cpu_usage': {'total': 34258022400, 'available': 17663655936, 'percent': 48.4, 'used': 16594366464, 'free': 17663655936}}
2025-02-16 05:13 - INFO - key: cpu_usage
2025-02-16 05:13 - INFO - value={'total': 34258022400, 'available': 17663655936, 'percent': 48.4, 'used': 16594366464, 'free': 17663655936}
2025-02-16 05:13 - INFO - Data memory measure: {'total': 34258022400, 'available': 17680859136, 'percent': 48.4, 'used': 16577163264, 'free': 17680859136}
2025-02-16 05:13 - INFO - Data cpu measure: {'usage_total': 1.0, 'usage_per_core': [0.0, 0.0, 1.6, 1.6, 1.6, 3.1, 1.6, 0.0, 1.6, 1.6, 0.0, 0.0]}
2025-02-16 05:13 - INFO - Encolando evento: {'memory_usage': {'total': 34258022400, 'available': 17680859136, 'percent': 48.4, 'used': 16577163264, 'free': 17680859136}}
2025-02-16 05:13 - INFO - Encolando evento: {'cpu_usage': {'usage_total': 1.0, 'usage_per_core': [0.0, 0.0, 1.6, 1.6, 1.6, 3.1, 1.6, 0.0, 1.6, 1.6, 0.0, 0.0]}}
2025-02-16 05:13 - INFO - key: memory_usage
2025-02-16 05:13 - INFO - key: cpu_usage
2025-02-16 05:13 - INFO - value={'total': 34258022400, 'available': 17680859136, 'percent': 48.4, 'used': 16577163264, 'free': 17680859136}
2025-02-16 05:13 - INFO - value={'usage_total': 1.0, 'usage_per_core': [0.0, 0.0, 1.6, 1.6, 1.6, 3.1, 1.6, 0.0, 1.6, 1.6, 0.0, 0.0]}
2025-02-16 05:13 - INFO - Encolando evento: {'cpu_usage': {'total': 34258022400, 'available': 17680859136, 'percent': 48.4, 'used': 16577163264, 'free': 17680859136}}
2025-02-16 05:13 - INFO - key: cpu_usage
2025-02-16 05:13 - INFO - value={'total': 34258022400, 'available': 17680859136, 'percent': 48.4, 'used': 16577163264, 'free': 17680859136}
2025-02-16 05:13 - INFO - Data memory measure: {'total': 34258022400, 'available': 17681547264, 'percent': 48.4, 'used': 16576475136, 'free': 17681547264}
2025-02-16 05:13 - INFO - Data cpu measure: {'usage_total': 2.9, 'usage_per_core': [0.0, 0.0, 0.0, 1.5, 7.6, 6.2, 0.0, 1.5, 9.1, 7.6, 0.0, 1.5]}
2025-02-16 05:13 - INFO - Encolando evento: {'memory_usage': {'total': 34258022400, 'available': 17681547264, 'percent': 48.4, 'used': 16576475136, 'free': 17681547264}}
2025-02-16 05:13 - INFO - Encolando evento: {'cpu_usage': {'usage_total': 2.9, 'usage_per_core': [0.0, 0.0, 0.0, 1.5, 7.6, 6.2, 0.0, 1.5, 9.1, 7.6, 0.0, 1.5]}}
2025-02-16 05:13 - INFO - key: cpu_usage
2025-02-16 05:13 - INFO - value={'usage_total': 2.9, 'usage_per_core': [0.0, 0.0, 0.0, 1.5, 7.6, 6.2, 0.0, 1.5, 9.1, 7.6, 0.0, 1.5]}
2025-02-16 05:13 - INFO - key: memory_usage
2025-02-16 05:13 - INFO - value={'total': 34258022400, 'available': 17681547264, 'percent': 48.4, 'used': 16576475136, 'free': 17681547264}
2025-02-16 05:13 - INFO - Encolando evento: {'cpu_usage': {'total': 34258022400, 'available': 17681547264, 'percent': 48.4, 'used': 16576475136, 'free': 17681547264}}
2025-02-16 05:13 - INFO - key: cpu_usage
2025-02-16 05:13 - INFO - value={'total': 34258022400, 'available': 17681547264, 'percent': 48.4, 'used': 16576475136, 'free': 17681547264}
2025-02-16 05:13 - INFO - Data cpu measure: {'usage_total': 2.0, 'usage_per_core': [4.6, 0.0, 0.0, 0.0, 3.1, 6.2, 1.6, 0.0, 1.6, 6.2, 0.0, 0.0]}
2025-02-16 05:13 - INFO - Data memory measure: {'total': 34258022400, 'available': 17682624512, 'percent': 48.4, 'used': 16575397888, 'free': 17682624512}
2025-02-16 05:13 - INFO - Encolando evento: {'cpu_usage': {'usage_total': 2.0, 'usage_per_core': [4.6, 0.0, 0.0, 0.0, 3.1, 6.2, 1.6, 0.0, 1.6, 6.2, 0.0, 0.0]}}
2025-02-16 05:13 - INFO - Encolando evento: {'memory_usage': {'total': 34258022400, 'available': 17682624512, 'percent': 48.4, 'used': 16575397888, 'free': 17682624512}}
2025-02-16 05:13 - INFO - key: cpu_usage
2025-02-16 05:13 - INFO - key: memory_usage
2025-02-16 05:13 - INFO - value={'usage_total': 2.0, 'usage_per_core': [4.6, 0.0, 0.0, 0.0, 3.1, 6.2, 1.6, 0.0, 1.6, 6.2, 0.0, 0.0]}
2025-02-16 05:13 - INFO - value={'total': 34258022400, 'available': 17682624512, 'percent': 48.4, 'used': 16575397888, 'free': 17682624512}
2025-02-16 05:13 - INFO - Encolando evento: {'cpu_usage': {'total': 34258022400, 'available': 17682624512, 'percent': 48.4, 'used': 16575397888, 'free': 17682624512}}
2025-02-16 05:13 - INFO - key: cpu_usage
2025-02-16 05:13 - INFO - value={'total': 34258022400, 'available': 17682624512, 'percent': 48.4, 'used': 16575397888, 'free': 17682624512}
2025-02-16 05:13 - INFO - Data memory measure: {'total': 34258022400, 'available': 17675915264, 'percent': 48.4, 'used': 16582107136, 'free': 17675915264}
2025-02-16 05:13 - INFO - Data cpu measure: {'usage_total': 3.7, 'usage_per_core': [4.5, 1.5, 3.1, 3.1, 3.1, 6.2, 1.5, 3.1, 7.7, 7.7, 3.1, 0.0]}
2025-02-16 05:13 - INFO - Encolando evento: {'memory_usage': {'total': 34258022400, 'available': 17675915264, 'percent': 48.4, 'used': 16582107136, 'free': 17675915264}}
2025-02-16 05:13 - INFO - Encolando evento: {'cpu_usage': {'usage_total': 3.7, 'usage_per_core': [4.5, 1.5, 3.1, 3.1, 3.1, 6.2, 1.5, 3.1, 7.7, 7.7, 3.1, 0.0]}}
2025-02-16 05:13 - INFO - key: memory_usage
2025-02-16 05:13 - INFO - key: cpu_usage
2025-02-16 05:13 - INFO - value={'total': 34258022400, 'available': 17675915264, 'percent': 48.4, 'used': 16582107136, 'free': 17675915264}
2025-02-16 05:13 - INFO - value={'usage_total': 3.7, 'usage_per_core': [4.5, 1.5, 3.1, 3.1, 3.1, 6.2, 1.5, 3.1, 7.7, 7.7, 3.1, 0.0]}
2025-02-16 05:13 - INFO - Encolando evento: {'cpu_usage': {'total': 34258022400, 'available': 17675915264, 'percent': 48.4, 'used': 16582107136, 'free': 17675915264}}
2025-02-16 05:13 - INFO - key: cpu_usage
2025-02-16 05:13 - INFO - value={'total': 34258022400, 'available': 17675915264, 'percent': 48.4, 'used': 16582107136, 'free': 17675915264}
2025-02-16 05:13 - INFO - Data cpu measure: {'usage_total': 1.7, 'usage_per_core': [0.0, 0.0, 0.0, 0.0, 7.7, 1.5, 0.0, 1.6, 6.2, 3.1, 0.0, 0.0]}
2025-02-16 05:13 - INFO - Data memory measure: {'total': 34258022400, 'available': 17678782464, 'percent': 48.4, 'used': 16579239936, 'free': 17678782464}
2025-02-16 05:13 - INFO - Encolando evento: {'cpu_usage': {'usage_total': 1.7, 'usage_per_core': [0.0, 0.0, 0.0, 0.0, 7.7, 1.5, 0.0, 1.6, 6.2, 3.1, 0.0, 0.0]}}
2025-02-16 05:13 - INFO - Encolando evento: {'memory_usage': {'total': 34258022400, 'available': 17678782464, 'percent': 48.4, 'used': 16579239936, 'free': 17678782464}}
2025-02-16 05:13 - INFO - key: cpu_usage
2025-02-16 05:13 - INFO - key: memory_usage
2025-02-16 05:13 - INFO - value={'usage_total': 1.7, 'usage_per_core': [0.0, 0.0, 0.0, 0.0, 7.7, 1.5, 0.0, 1.6, 6.2, 3.1, 0.0, 0.0]}
2025-02-16 05:13 - INFO - value={'total': 34258022400, 'available': 17678782464, 'percent': 48.4, 'used': 16579239936, 'free': 17678782464}
2025-02-16 05:13 - INFO - Encolando evento: {'cpu_usage': {'total': 34258022400, 'available': 17678782464, 'percent': 48.4, 'used': 16579239936, 'free': 17678782464}}
2025-02-16 05:13 - INFO - key: cpu_usage
2025-02-16 05:13 - INFO - value={'total': 34258022400, 'available': 17678782464, 'percent': 48.4, 'used': 16579239936, 'free': 17678782464}
2025-02-16 05:13 - INFO - Data cpu measure: {'usage_total': 2.6, 'usage_per_core': [1.5, 3.0, 0.0, 3.0, 1.5, 4.6, 1.5, 1.5, 7.7, 4.6, 1.5, 0.0]}
2025-02-16 05:13 - INFO - Data memory measure: {'total': 34258022400, 'available': 17678974976, 'percent': 48.4, 'used': 16579047424, 'free': 17678974976}
2025-02-16 05:13 - INFO - Encolando evento: {'cpu_usage': {'usage_total': 2.6, 'usage_per_core': [1.5, 3.0, 0.0, 3.0, 1.5, 4.6, 1.5, 1.5, 7.7, 4.6, 1.5, 0.0]}}
2025-02-16 05:13 - INFO - Encolando evento: {'memory_usage': {'total': 34258022400, 'available': 17678974976, 'percent': 48.4, 'used': 16579047424, 'free': 17678974976}}
2025-02-16 05:13 - INFO - key: cpu_usage
2025-02-16 05:13 - INFO - key: memory_usage
2025-02-16 05:13 - INFO - value={'usage_total': 2.6, 'usage_per_core': [1.5, 3.0, 0.0, 3.0, 1.5, 4.6, 1.5, 1.5, 7.7, 4.6, 1.5, 0.0]}
2025-02-16 05:13 - INFO - value={'total': 34258022400, 'available': 17678974976, 'percent': 48.4, 'used': 16579047424, 'free': 17678974976}
2025-02-16 05:13 - INFO - Encolando evento: {'cpu_usage': {'total': 34258022400, 'available': 17678974976, 'percent': 48.4, 'used': 16579047424, 'free': 17678974976}}
2025-02-16 05:13 - INFO - key: cpu_usage
2025-02-16 05:13 - INFO - value={'total': 34258022400, 'available': 17678974976, 'percent': 48.4, 'used': 16579047424, 'free': 17678974976}
2025-02-16 05:13 - INFO - Data cpu measure: {'usage_total': 2.1, 'usage_per_core': [3.0, 0.0, 1.5, 1.5, 1.5, 4.6, 3.1, 0.0, 1.5, 7.7, 0.0, 0.0]}
2025-02-16 05:13 - INFO - Data memory measure: {'total': 34258022400, 'available': 17679110144, 'percent': 48.4, 'used': 16578912256, 'free': 17679110144}
2025-02-16 05:13 - INFO - Encolando evento: {'memory_usage': {'total': 34258022400, 'available': 17679110144, 'percent': 48.4, 'used': 16578912256, 'free': 17679110144}}
2025-02-16 05:13 - INFO - key: memory_usage
2025-02-16 05:13 - INFO - value={'total': 34258022400, 'available': 17679110144, 'percent': 48.4, 'used': 16578912256, 'free': 17679110144}
2025-02-16 05:13 - INFO - Encolando evento: {'cpu_usage': {'usage_total': 2.1, 'usage_per_core': [3.0, 0.0, 1.5, 1.5, 1.5, 4.6, 3.1, 0.0, 1.5, 7.7, 0.0, 0.0]}}
2025-02-16 05:13 - INFO - Encolando evento: {'cpu_usage': {'total': 34258022400, 'available': 17679110144, 'percent': 48.4, 'used': 16578912256, 'free': 17679110144}}
2025-02-16 05:13 - INFO - key: cpu_usage
2025-02-16 05:13 - INFO - key: cpu_usage
2025-02-16 05:13 - INFO - value={'usage_total': 2.1, 'usage_per_core': [3.0, 0.0, 1.5, 1.5, 1.5, 4.6, 3.1, 0.0, 1.5, 7.7, 0.0, 0.0]}
2025-02-16 05:13 - INFO - value={'total': 34258022400, 'available': 17679110144, 'percent': 48.4, 'used': 16578912256, 'free': 17679110144}
2025-02-16 05:13 - INFO - Data memory measure: {'total': 34258022400, 'available': 17681559552, 'percent': 48.4, 'used': 16576462848, 'free': 17681559552}
2025-02-16 05:13 - INFO - Data cpu measure: {'usage_total': 2.0, 'usage_per_core': [1.5, 0.0, 1.5, 3.1, 1.5, 7.6, 0.0, 1.5, 6.2, 1.5, 0.0, 0.0]}
2025-02-16 05:13 - INFO - Encolando evento: {'memory_usage': {'total': 34258022400, 'available': 17681559552, 'percent': 48.4, 'used': 16576462848, 'free': 17681559552}}
2025-02-16 05:13 - INFO - Encolando evento: {'cpu_usage': {'usage_total': 2.0, 'usage_per_core': [1.5, 0.0, 1.5, 3.1, 1.5, 7.6, 0.0, 1.5, 6.2, 1.5, 0.0, 0.0]}}
2025-02-16 05:13 - INFO - key: memory_usage
2025-02-16 05:13 - INFO - key: cpu_usage
2025-02-16 05:13 - INFO - value={'total': 34258022400, 'available': 17681559552, 'percent': 48.4, 'used': 16576462848, 'free': 17681559552}
2025-02-16 05:13 - INFO - value={'usage_total': 2.0, 'usage_per_core': [1.5, 0.0, 1.5, 3.1, 1.5, 7.6, 0.0, 1.5, 6.2, 1.5, 0.0, 0.0]}
2025-02-16 05:13 - INFO - Encolando evento: {'cpu_usage': {'total': 34258022400, 'available': 17681559552, 'percent': 48.4, 'used': 16576462848, 'free': 17681559552}}
2025-02-16 05:13 - INFO - key: cpu_usage
2025-02-16 05:13 - INFO - value={'total': 34258022400, 'available': 17681559552, 'percent': 48.4, 'used': 16576462848, 'free': 17681559552}
2025-02-16 05:13 - INFO - Data memory measure: {'total': 34258022400, 'available': 17682886656, 'percent': 48.4, 'used': 16575135744, 'free': 17682886656}
2025-02-16 05:13 - INFO - Data cpu measure: {'usage_total': 5.1, 'usage_per_core': [4.6, 3.1, 3.1, 7.7, 10.8, 16.9, 0.0, 0.0, 9.2, 1.5, 1.5, 3.1]}
2025-02-16 05:13 - INFO - Encolando evento: {'memory_usage': {'total': 34258022400, 'available': 17682886656, 'percent': 48.4, 'used': 16575135744, 'free': 17682886656}}
2025-02-16 05:13 - INFO - Encolando evento: {'cpu_usage': {'usage_total': 5.1, 'usage_per_core': [4.6, 3.1, 3.1, 7.7, 10.8, 16.9, 0.0, 0.0, 9.2, 1.5, 1.5, 3.1]}}
2025-02-16 05:13 - INFO - key: memory_usage
2025-02-16 05:13 - INFO - key: cpu_usage
2025-02-16 05:13 - INFO - value={'total': 34258022400, 'available': 17682886656, 'percent': 48.4, 'used': 16575135744, 'free': 17682886656}
2025-02-16 05:13 - INFO - value={'usage_total': 5.1, 'usage_per_core': [4.6, 3.1, 3.1, 7.7, 10.8, 16.9, 0.0, 0.0, 9.2, 1.5, 1.5, 3.1]}
2025-02-16 05:13 - INFO - Encolando evento: {'cpu_usage': {'total': 34258022400, 'available': 17682886656, 'percent': 48.4, 'used': 16575135744, 'free': 17682886656}}
2025-02-16 05:13 - INFO - key: cpu_usage
2025-02-16 05:13 - INFO - value={'total': 34258022400, 'available': 17682886656, 'percent': 48.4, 'used': 16575135744, 'free': 17682886656}
2025-02-16 05:13 - INFO - Data memory measure: {'total': 34258022400, 'available': 17679499264, 'percent': 48.4, 'used': 16578523136, 'free': 17679499264}
2025-02-16 05:13 - INFO - Data cpu measure: {'usage_total': 16.7, 'usage_per_core': [16.9, 15.4, 12.3, 24.6, 24.6, 10.8, 12.3, 12.3, 26.2, 15.4, 18.5, 10.8]}
2025-02-16 05:13 - INFO - Encolando evento: {'memory_usage': {'total': 34258022400, 'available': 17679499264, 'percent': 48.4, 'used': 16578523136, 'free': 17679499264}}
2025-02-16 05:13 - INFO - Encolando evento: {'cpu_usage': {'usage_total': 16.7, 'usage_per_core': [16.9, 15.4, 12.3, 24.6, 24.6, 10.8, 12.3, 12.3, 26.2, 15.4, 18.5, 10.8]}}
2025-02-16 05:13 - INFO - key: memory_usage
2025-02-16 05:13 - INFO - key: cpu_usage
2025-02-16 05:13 - INFO - value={'total': 34258022400, 'available': 17679499264, 'percent': 48.4, 'used': 16578523136, 'free': 17679499264}
2025-02-16 05:13 - INFO - value={'usage_total': 16.7, 'usage_per_core': [16.9, 15.4, 12.3, 24.6, 24.6, 10.8, 12.3, 12.3, 26.2, 15.4, 18.5, 10.8]}
2025-02-16 05:13 - INFO - Encolando evento: {'cpu_usage': {'total': 34258022400, 'available': 17679499264, 'percent': 48.4, 'used': 16578523136, 'free': 17679499264}}
2025-02-16 05:13 - INFO - key: cpu_usage
2025-02-16 05:13 - INFO - value={'total': 34258022400, 'available': 17679499264, 'percent': 48.4, 'used': 16578523136, 'free': 17679499264}
2025-02-16 05:13 - INFO - Data cpu measure: {'usage_total': 13.4, 'usage_per_core': [15.6, 10.9, 9.4, 20.3, 15.4, 20.9, 8.1, 4.8, 23.4, 9.4, 10.9, 10.9]}
2025-02-16 05:13 - INFO - Data memory measure: {'total': 34258022400, 'available': 17674444800, 'percent': 48.4, 'used': 16583577600, 'free': 17674444800}
2025-02-16 05:13 - INFO - Encolando evento: {'cpu_usage': {'usage_total': 13.4, 'usage_per_core': [15.6, 10.9, 9.4, 20.3, 15.4, 20.9, 8.1, 4.8, 23.4, 9.4, 10.9, 10.9]}}
2025-02-16 05:13 - INFO - Encolando evento: {'memory_usage': {'total': 34258022400, 'available': 17674444800, 'percent': 48.4, 'used': 16583577600, 'free': 17674444800}}
2025-02-16 05:13 - INFO - key: cpu_usage
2025-02-16 05:13 - INFO - key: memory_usage
2025-02-16 05:13 - INFO - value={'usage_total': 13.4, 'usage_per_core': [15.6, 10.9, 9.4, 20.3, 15.4, 20.9, 8.1, 4.8, 23.4, 9.4, 10.9, 10.9]}
2025-02-16 05:13 - INFO - value={'total': 34258022400, 'available': 17674444800, 'percent': 48.4, 'used': 16583577600, 'free': 17674444800}
2025-02-16 05:13 - INFO - Encolando evento: {'cpu_usage': {'total': 34258022400, 'available': 17674444800, 'percent': 48.4, 'used': 16583577600, 'free': 17674444800}}
2025-02-16 05:13 - INFO - key: cpu_usage
2025-02-16 05:13 - INFO - value={'total': 34258022400, 'available': 17674444800, 'percent': 48.4, 'used': 16583577600, 'free': 17674444800}
2025-02-16 05:13 - INFO - Data cpu measure: {'usage_total': 4.7, 'usage_per_core': [3.1, 3.1, 1.5, 4.6, 9.2, 7.6, 3.0, 1.5, 10.8, 9.1, 3.1, 0.0]}
2025-02-16 05:13 - INFO - Data memory measure: {'total': 34258022400, 'available': 17665556480, 'percent': 48.4, 'used': 16592465920, 'free': 17665556480}
2025-02-16 05:13 - INFO - Encolando evento: {'cpu_usage': {'usage_total': 4.7, 'usage_per_core': [3.1, 3.1, 1.5, 4.6, 9.2, 7.6, 3.0, 1.5, 10.8, 9.1, 3.1, 0.0]}}
2025-02-16 05:13 - INFO - Encolando evento: {'memory_usage': {'total': 34258022400, 'available': 17665556480, 'percent': 48.4, 'used': 16592465920, 'free': 17665556480}}
2025-02-16 05:13 - INFO - key: cpu_usage
2025-02-16 05:13 - INFO - key: memory_usage
2025-02-16 05:13 - INFO - value={'usage_total': 4.7, 'usage_per_core': [3.1, 3.1, 1.5, 4.6, 9.2, 7.6, 3.0, 1.5, 10.8, 9.1, 3.1, 0.0]}
2025-02-16 05:13 - INFO - value={'total': 34258022400, 'available': 17665556480, 'percent': 48.4, 'used': 16592465920, 'free': 17665556480}
2025-02-16 05:13 - INFO - Encolando evento: {'cpu_usage': {'total': 34258022400, 'available': 17665556480, 'percent': 48.4, 'used': 16592465920, 'free': 17665556480}}
2025-02-16 05:13 - INFO - key: cpu_usage
2025-02-16 05:13 - INFO - value={'total': 34258022400, 'available': 17665556480, 'percent': 48.4, 'used': 16592465920, 'free': 17665556480}
2025-02-16 05:13 - INFO - Data cpu measure: {'usage_total': 10.6, 'usage_per_core': [13.6, 6.2, 10.8, 6.2, 36.9, 7.7, 3.1, 3.1, 24.6, 10.8, 1.5, 3.1]}
2025-02-16 05:13 - INFO - Encolando evento: {'cpu_usage': {'usage_total': 10.6, 'usage_per_core': [13.6, 6.2, 10.8, 6.2, 36.9, 7.7, 3.1, 3.1, 24.6, 10.8, 1.5, 3.1]}}
2025-02-16 05:13 - INFO - key: cpu_usage
2025-02-16 05:13 - INFO - value={'usage_total': 10.6, 'usage_per_core': [13.6, 6.2, 10.8, 6.2, 36.9, 7.7, 3.1, 3.1, 24.6, 10.8, 1.5, 3.1]}
2025-02-16 05:13 - INFO - Data memory measure: {'total': 34258022400, 'available': 17657847808, 'percent': 48.5, 'used': 16600174592, 'free': 17657847808}
2025-02-16 05:13 - INFO - Encolando evento: {'memory_usage': {'total': 34258022400, 'available': 17657847808, 'percent': 48.5, 'used': 16600174592, 'free': 17657847808}}
2025-02-16 05:13 - INFO - key: memory_usage
2025-02-16 05:13 - INFO - value={'total': 34258022400, 'available': 17657847808, 'percent': 48.5, 'used': 16600174592, 'free': 17657847808}
2025-02-16 05:13 - INFO - Encolando evento: {'cpu_usage': {'total': 34258022400, 'available': 17657847808, 'percent': 48.5, 'used': 16600174592, 'free': 17657847808}}
2025-02-16 05:13 - INFO - key: cpu_usage
2025-02-16 05:13 - INFO - value={'total': 34258022400, 'available': 17657847808, 'percent': 48.5, 'used': 16600174592, 'free': 17657847808}
2025-02-16 05:13 - INFO - Data cpu measure: {'usage_total': 14.3, 'usage_per_core': [4.7, 6.2, 9.4, 7.7, 17.2, 9.4, 70.3, 18.8, 13.8, 9.4, 3.2, 1.6]}
2025-02-16 05:13 - INFO - Encolando evento: {'cpu_usage': {'usage_total': 14.3, 'usage_per_core': [4.7, 6.2, 9.4, 7.7, 17.2, 9.4, 70.3, 18.8, 13.8, 9.4, 3.2, 1.6]}}
2025-02-16 05:13 - INFO - key: cpu_usage
2025-02-16 05:13 - INFO - value={'usage_total': 14.3, 'usage_per_core': [4.7, 6.2, 9.4, 7.7, 17.2, 9.4, 70.3, 18.8, 13.8, 9.4, 3.2, 1.6]}
2025-02-16 05:13 - INFO - Data memory measure: {'total': 34258022400, 'available': 17591414784, 'percent': 48.7, 'used': 16666607616, 'free': 17591414784}
2025-02-16 05:13 - INFO - Encolando evento: {'memory_usage': {'total': 34258022400, 'available': 17591414784, 'percent': 48.7, 'used': 16666607616, 'free': 17591414784}}
2025-02-16 05:13 - INFO - key: memory_usage
2025-02-16 05:13 - INFO - value={'total': 34258022400, 'available': 17591414784, 'percent': 48.7, 'used': 16666607616, 'free': 17591414784}
2025-02-16 05:13 - INFO - Encolando evento: {'cpu_usage': {'total': 34258022400, 'available': 17591414784, 'percent': 48.7, 'used': 16666607616, 'free': 17591414784}}
2025-02-16 05:13 - INFO - key: cpu_usage
2025-02-16 05:13 - INFO - value={'total': 34258022400, 'available': 17591414784, 'percent': 48.7, 'used': 16666607616, 'free': 17591414784}
2025-02-16 05:13 - INFO - Data cpu measure: {'usage_total': 5.1, 'usage_per_core': [4.5, 1.5, 6.2, 4.6, 9.2, 7.7, 9.2, 0.0, 10.8, 4.6, 3.0, 0.0]}
2025-02-16 05:13 - INFO - Encolando evento: {'cpu_usage': {'usage_total': 5.1, 'usage_per_core': [4.5, 1.5, 6.2, 4.6, 9.2, 7.7, 9.2, 0.0, 10.8, 4.6, 3.0, 0.0]}}
2025-02-16 05:13 - INFO - key: cpu_usage
2025-02-16 05:13 - INFO - value={'usage_total': 5.1, 'usage_per_core': [4.5, 1.5, 6.2, 4.6, 9.2, 7.7, 9.2, 0.0, 10.8, 4.6, 3.0, 0.0]}
2025-02-16 05:13 - INFO - Data memory measure: {'total': 34258022400, 'available': 17458532352, 'percent': 49.0, 'used': 16799490048, 'free': 17458532352}
2025-02-16 05:13 - INFO - Encolando evento: {'memory_usage': {'total': 34258022400, 'available': 17458532352, 'percent': 49.0, 'used': 16799490048, 'free': 17458532352}}
2025-02-16 05:13 - INFO - key: memory_usage
2025-02-16 05:13 - INFO - value={'total': 34258022400, 'available': 17458532352, 'percent': 49.0, 'used': 16799490048, 'free': 17458532352}
2025-02-16 05:13 - INFO - Encolando evento: {'cpu_usage': {'total': 34258022400, 'available': 17458532352, 'percent': 49.0, 'used': 16799490048, 'free': 17458532352}}
2025-02-16 05:13 - INFO - key: cpu_usage
2025-02-16 05:13 - INFO - value={'total': 34258022400, 'available': 17458532352, 'percent': 49.0, 'used': 16799490048, 'free': 17458532352}
2025-02-16 05:13 - INFO - Data cpu measure: {'usage_total': 4.7, 'usage_per_core': [1.5, 0.0, 3.1, 3.1, 12.3, 6.2, 7.7, 0.0, 13.8, 6.2, 1.5, 1.5]}
2025-02-16 05:13 - INFO - Encolando evento: {'cpu_usage': {'usage_total': 4.7, 'usage_per_core': [1.5, 0.0, 3.1, 3.1, 12.3, 6.2, 7.7, 0.0, 13.8, 6.2, 1.5, 1.5]}}
2025-02-16 05:13 - INFO - key: cpu_usage
2025-02-16 05:13 - INFO - value={'usage_total': 4.7, 'usage_per_core': [1.5, 0.0, 3.1, 3.1, 12.3, 6.2, 7.7, 0.0, 13.8, 6.2, 1.5, 1.5]}
2025-02-16 05:13 - INFO - Data memory measure: {'total': 34258022400, 'available': 17611497472, 'percent': 48.6, 'used': 16646524928, 'free': 17611497472}
2025-02-16 05:13 - INFO - Encolando evento: {'memory_usage': {'total': 34258022400, 'available': 17611497472, 'percent': 48.6, 'used': 16646524928, 'free': 17611497472}}
2025-02-16 05:13 - INFO - key: memory_usage
2025-02-16 05:13 - INFO - value={'total': 34258022400, 'available': 17611497472, 'percent': 48.6, 'used': 16646524928, 'free': 17611497472}
2025-02-16 05:13 - INFO - Encolando evento: {'cpu_usage': {'total': 34258022400, 'available': 17611497472, 'percent': 48.6, 'used': 16646524928, 'free': 17611497472}}
2025-02-16 05:13 - INFO - key: cpu_usage
2025-02-16 05:13 - INFO - value={'total': 34258022400, 'available': 17611497472, 'percent': 48.6, 'used': 16646524928, 'free': 17611497472}
2025-02-16 05:13 - INFO - Data cpu measure: {'usage_total': 2.6, 'usage_per_core': [0.0, 0.0, 7.7, 4.6, 3.1, 3.1, 1.6, 0.0, 4.6, 4.6, 1.6, 0.0]}
2025-02-16 05:13 - INFO - Encolando evento: {'cpu_usage': {'usage_total': 2.6, 'usage_per_core': [0.0, 0.0, 7.7, 4.6, 3.1, 3.1, 1.6, 0.0, 4.6, 4.6, 1.6, 0.0]}}
2025-02-16 05:13 - INFO - key: cpu_usage
2025-02-16 05:13 - INFO - value={'usage_total': 2.6, 'usage_per_core': [0.0, 0.0, 7.7, 4.6, 3.1, 3.1, 1.6, 0.0, 4.6, 4.6, 1.6, 0.0]}
2025-02-16 05:13 - INFO - Data memory measure: {'total': 34258022400, 'available': 17614479360, 'percent': 48.6, 'used': 16643543040, 'free': 17614479360}
2025-02-16 05:13 - INFO - Encolando evento: {'memory_usage': {'total': 34258022400, 'available': 17614479360, 'percent': 48.6, 'used': 16643543040, 'free': 17614479360}}
2025-02-16 05:13 - INFO - key: memory_usage
2025-02-16 05:13 - INFO - value={'total': 34258022400, 'available': 17614479360, 'percent': 48.6, 'used': 16643543040, 'free': 17614479360}
2025-02-16 05:13 - INFO - Encolando evento: {'cpu_usage': {'total': 34258022400, 'available': 17614479360, 'percent': 48.6, 'used': 16643543040, 'free': 17614479360}}
2025-02-16 05:13 - INFO - key: cpu_usage
2025-02-16 05:13 - INFO - value={'total': 34258022400, 'available': 17614479360, 'percent': 48.6, 'used': 16643543040, 'free': 17614479360}
2025-02-16 05:13 - INFO - Data cpu measure: {'usage_total': 3.2, 'usage_per_core': [3.1, 0.0, 4.6, 3.1, 4.7, 9.4, 0.0, 1.5, 4.7, 7.8, 0.0, 0.0]}
2025-02-16 05:13 - INFO - Encolando evento: {'cpu_usage': {'usage_total': 3.2, 'usage_per_core': [3.1, 0.0, 4.6, 3.1, 4.7, 9.4, 0.0, 1.5, 4.7, 7.8, 0.0, 0.0]}}
2025-02-16 05:13 - INFO - key: cpu_usage
2025-02-16 05:13 - INFO - value={'usage_total': 3.2, 'usage_per_core': [3.1, 0.0, 4.6, 3.1, 4.7, 9.4, 0.0, 1.5, 4.7, 7.8, 0.0, 0.0]}
2025-02-16 05:13 - INFO - Data memory measure: {'total': 34258022400, 'available': 17632964608, 'percent': 48.5, 'used': 16625057792, 'free': 17632964608}
2025-02-16 05:13 - INFO - Encolando evento: {'memory_usage': {'total': 34258022400, 'available': 17632964608, 'percent': 48.5, 'used': 16625057792, 'free': 17632964608}}
2025-02-16 05:13 - INFO - key: memory_usage
2025-02-16 05:13 - INFO - value={'total': 34258022400, 'available': 17632964608, 'percent': 48.5, 'used': 16625057792, 'free': 17632964608}
2025-02-16 05:13 - INFO - Encolando evento: {'cpu_usage': {'total': 34258022400, 'available': 17632964608, 'percent': 48.5, 'used': 16625057792, 'free': 17632964608}}
2025-02-16 05:13 - INFO - key: cpu_usage
2025-02-16 05:13 - INFO - value={'total': 34258022400, 'available': 17632964608, 'percent': 48.5, 'used': 16625057792, 'free': 17632964608}
2025-02-16 05:14 - INFO - Monitor de recursos inicializado.
2025-02-16 05:14 - INFO - Data cpu measure: {'usage_total': 0.0, 'usage_per_core': [0.0, 0.0, 0.0, 0.0, 0.0, 0.0, 0.0, 0.0, 0.0, 0.0, 0.0, 0.0]}
2025-02-16 05:14 - INFO - Encolando evento: {'cpu_usage': {'usage_total': 0.0, 'usage_per_core': [0.0, 0.0, 0.0, 0.0, 0.0, 0.0, 0.0, 0.0, 0.0, 0.0, 0.0, 0.0]}}
2025-02-16 05:14 - INFO - Data memory measure: {'total': 34258022400, 'available': 17658781696, 'percent': 48.5, 'used': 16599240704, 'free': 17658781696}
2025-02-16 05:14 - INFO - key: cpu_usage
2025-02-16 05:14 - INFO - Encolando evento: {'memory_usage': {'total': 34258022400, 'available': 17658781696, 'percent': 48.5, 'used': 16599240704, 'free': 17658781696}}
2025-02-16 05:14 - INFO - value={'usage_total': 0.0, 'usage_per_core': [0.0, 0.0, 0.0, 0.0, 0.0, 0.0, 0.0, 0.0, 0.0, 0.0, 0.0, 0.0]}
2025-02-16 05:14 - INFO - key: memory_usage
2025-02-16 05:14 - INFO - value={'total': 34258022400, 'available': 17658781696, 'percent': 48.5, 'used': 16599240704, 'free': 17658781696}
2025-02-16 05:14 - INFO - Encolando evento: {'cpu_usage': {'total': 34258022400, 'available': 17658781696, 'percent': 48.5, 'used': 16599240704, 'free': 17658781696}}
2025-02-16 05:14 - INFO - key: cpu_usage
2025-02-16 05:14 - INFO - value={'total': 34258022400, 'available': 17658781696, 'percent': 48.5, 'used': 16599240704, 'free': 17658781696}
2025-02-16 05:14 - INFO - Data memory measure: {'total': 34258022400, 'available': 17662537728, 'percent': 48.4, 'used': 16595484672, 'free': 17662537728}
2025-02-16 05:14 - INFO - Data cpu measure: {'usage_total': 3.6, 'usage_per_core': [1.5, 4.6, 4.6, 1.5, 6.2, 6.2, 0.0, 0.0, 9.2, 9.0, 0.0, 0.0]}
2025-02-16 05:14 - INFO - Encolando evento: {'memory_usage': {'total': 34258022400, 'available': 17662537728, 'percent': 48.4, 'used': 16595484672, 'free': 17662537728}}
2025-02-16 05:14 - INFO - Encolando evento: {'cpu_usage': {'usage_total': 3.6, 'usage_per_core': [1.5, 4.6, 4.6, 1.5, 6.2, 6.2, 0.0, 0.0, 9.2, 9.0, 0.0, 0.0]}}
2025-02-16 05:14 - INFO - key: memory_usage
2025-02-16 05:14 - INFO - key: cpu_usage
2025-02-16 05:14 - INFO - value={'total': 34258022400, 'available': 17662537728, 'percent': 48.4, 'used': 16595484672, 'free': 17662537728}
2025-02-16 05:14 - INFO - value={'usage_total': 3.6, 'usage_per_core': [1.5, 4.6, 4.6, 1.5, 6.2, 6.2, 0.0, 0.0, 9.2, 9.0, 0.0, 0.0]}
2025-02-16 05:14 - INFO - Encolando evento: {'cpu_usage': {'total': 34258022400, 'available': 17662537728, 'percent': 48.4, 'used': 16595484672, 'free': 17662537728}}
2025-02-16 05:14 - INFO - key: cpu_usage
2025-02-16 05:14 - INFO - value={'total': 34258022400, 'available': 17662537728, 'percent': 48.4, 'used': 16595484672, 'free': 17662537728}
2025-02-16 05:14 - INFO - Data cpu measure: {'usage_total': 7.6, 'usage_per_core': [6.1, 4.6, 7.7, 6.2, 15.4, 16.9, 0.0, 1.5, 10.8, 13.8, 3.1, 4.6]}
2025-02-16 05:14 - INFO - Data memory measure: {'total': 34258022400, 'available': 17658658816, 'percent': 48.5, 'used': 16599363584, 'free': 17658658816}
2025-02-16 05:14 - INFO - Encolando evento: {'cpu_usage': {'usage_total': 7.6, 'usage_per_core': [6.1, 4.6, 7.7, 6.2, 15.4, 16.9, 0.0, 1.5, 10.8, 13.8, 3.1, 4.6]}}
2025-02-16 05:14 - INFO - Encolando evento: {'memory_usage': {'total': 34258022400, 'available': 17658658816, 'percent': 48.5, 'used': 16599363584, 'free': 17658658816}}
2025-02-16 05:14 - INFO - key: cpu_usage
2025-02-16 05:14 - INFO - key: memory_usage
2025-02-16 05:14 - INFO - value={'usage_total': 7.6, 'usage_per_core': [6.1, 4.6, 7.7, 6.2, 15.4, 16.9, 0.0, 1.5, 10.8, 13.8, 3.1, 4.6]}
2025-02-16 05:14 - INFO - value={'total': 34258022400, 'available': 17658658816, 'percent': 48.5, 'used': 16599363584, 'free': 17658658816}
2025-02-16 05:14 - INFO - Encolando evento: {'cpu_usage': {'total': 34258022400, 'available': 17658658816, 'percent': 48.5, 'used': 16599363584, 'free': 17658658816}}
2025-02-16 05:14 - INFO - key: cpu_usage
2025-02-16 05:14 - INFO - value={'total': 34258022400, 'available': 17658658816, 'percent': 48.5, 'used': 16599363584, 'free': 17658658816}
2025-02-16 05:14 - INFO - Data cpu measure: {'usage_total': 8.5, 'usage_per_core': [1.6, 1.6, 6.2, 1.6, 26.6, 6.2, 9.4, 1.6, 26.6, 9.4, 7.8, 3.1]}
2025-02-16 05:14 - INFO - Data memory measure: {'total': 34258022400, 'available': 17586651136, 'percent': 48.7, 'used': 16671371264, 'free': 17586651136}
2025-02-16 05:14 - INFO - Encolando evento: {'cpu_usage': {'usage_total': 8.5, 'usage_per_core': [1.6, 1.6, 6.2, 1.6, 26.6, 6.2, 9.4, 1.6, 26.6, 9.4, 7.8, 3.1]}}
2025-02-16 05:14 - INFO - Encolando evento: {'memory_usage': {'total': 34258022400, 'available': 17586651136, 'percent': 48.7, 'used': 16671371264, 'free': 17586651136}}
2025-02-16 05:14 - INFO - key: cpu_usage
2025-02-16 05:14 - INFO - key: memory_usage
2025-02-16 05:14 - INFO - value={'usage_total': 8.5, 'usage_per_core': [1.6, 1.6, 6.2, 1.6, 26.6, 6.2, 9.4, 1.6, 26.6, 9.4, 7.8, 3.1]}
2025-02-16 05:14 - INFO - value={'total': 34258022400, 'available': 17586651136, 'percent': 48.7, 'used': 16671371264, 'free': 17586651136}
2025-02-16 05:14 - INFO - Encolando evento: {'cpu_usage': {'total': 34258022400, 'available': 17586651136, 'percent': 48.7, 'used': 16671371264, 'free': 17586651136}}
2025-02-16 05:14 - INFO - key: cpu_usage
2025-02-16 05:14 - INFO - value={'total': 34258022400, 'available': 17586651136, 'percent': 48.7, 'used': 16671371264, 'free': 17586651136}
2025-02-16 05:14 - INFO - Data memory measure: {'total': 34258022400, 'available': 17657593856, 'percent': 48.5, 'used': 16600428544, 'free': 17657593856}
2025-02-16 05:14 - INFO - Data cpu measure: {'usage_total': 4.2, 'usage_per_core': [6.2, 4.6, 3.1, 1.5, 4.6, 4.5, 0.0, 1.5, 10.6, 12.1, 0.0, 1.5]}
2025-02-16 05:14 - INFO - Encolando evento: {'memory_usage': {'total': 34258022400, 'available': 17657593856, 'percent': 48.5, 'used': 16600428544, 'free': 17657593856}}
2025-02-16 05:14 - INFO - Encolando evento: {'cpu_usage': {'usage_total': 4.2, 'usage_per_core': [6.2, 4.6, 3.1, 1.5, 4.6, 4.5, 0.0, 1.5, 10.6, 12.1, 0.0, 1.5]}}
2025-02-16 05:14 - INFO - key: memory_usage
2025-02-16 05:14 - INFO - key: cpu_usage
2025-02-16 05:14 - INFO - value={'total': 34258022400, 'available': 17657593856, 'percent': 48.5, 'used': 16600428544, 'free': 17657593856}
2025-02-16 05:14 - INFO - value={'usage_total': 4.2, 'usage_per_core': [6.2, 4.6, 3.1, 1.5, 4.6, 4.5, 0.0, 1.5, 10.6, 12.1, 0.0, 1.5]}
2025-02-16 05:14 - INFO - Encolando evento: {'cpu_usage': {'total': 34258022400, 'available': 17657593856, 'percent': 48.5, 'used': 16600428544, 'free': 17657593856}}
2025-02-16 05:14 - INFO - key: cpu_usage
2025-02-16 05:14 - INFO - value={'total': 34258022400, 'available': 17657593856, 'percent': 48.5, 'used': 16600428544, 'free': 17657593856}
2025-02-16 05:14 - INFO - Data memory measure: {'total': 34258022400, 'available': 17652359168, 'percent': 48.5, 'used': 16605663232, 'free': 17652359168}
2025-02-16 05:14 - INFO - Data cpu measure: {'usage_total': 9.3, 'usage_per_core': [10.3, 9.1, 9.0, 7.6, 16.7, 21.5, 1.5, 1.5, 12.1, 10.6, 4.5, 7.5]}
2025-02-16 05:14 - INFO - Encolando evento: {'memory_usage': {'total': 34258022400, 'available': 17652359168, 'percent': 48.5, 'used': 16605663232, 'free': 17652359168}}
2025-02-16 05:14 - INFO - Encolando evento: {'cpu_usage': {'usage_total': 9.3, 'usage_per_core': [10.3, 9.1, 9.0, 7.6, 16.7, 21.5, 1.5, 1.5, 12.1, 10.6, 4.5, 7.5]}}
2025-02-16 05:14 - INFO - key: memory_usage
2025-02-16 05:14 - INFO - key: cpu_usage
2025-02-16 05:14 - INFO - value={'total': 34258022400, 'available': 17652359168, 'percent': 48.5, 'used': 16605663232, 'free': 17652359168}
2025-02-16 05:14 - INFO - value={'usage_total': 9.3, 'usage_per_core': [10.3, 9.1, 9.0, 7.6, 16.7, 21.5, 1.5, 1.5, 12.1, 10.6, 4.5, 7.5]}
2025-02-16 05:14 - INFO - Encolando evento: {'cpu_usage': {'total': 34258022400, 'available': 17652359168, 'percent': 48.5, 'used': 16605663232, 'free': 17652359168}}
2025-02-16 05:14 - INFO - key: cpu_usage
2025-02-16 05:14 - INFO - value={'total': 34258022400, 'available': 17652359168, 'percent': 48.5, 'used': 16605663232, 'free': 17652359168}
2025-02-16 05:14 - INFO - Data cpu measure: {'usage_total': 3.6, 'usage_per_core': [6.2, 0.0, 6.2, 1.6, 1.6, 6.2, 0.0, 0.0, 10.8, 10.9, 0.0, 0.0]}
2025-02-16 05:14 - INFO - Data memory measure: {'total': 34258022400, 'available': 17653874688, 'percent': 48.5, 'used': 16604147712, 'free': 17653874688}
2025-02-16 05:14 - INFO - Encolando evento: {'cpu_usage': {'usage_total': 3.6, 'usage_per_core': [6.2, 0.0, 6.2, 1.6, 1.6, 6.2, 0.0, 0.0, 10.8, 10.9, 0.0, 0.0]}}
2025-02-16 05:14 - INFO - Encolando evento: {'memory_usage': {'total': 34258022400, 'available': 17653874688, 'percent': 48.5, 'used': 16604147712, 'free': 17653874688}}
2025-02-16 05:14 - INFO - key: cpu_usage
2025-02-16 05:14 - INFO - key: memory_usage
2025-02-16 05:14 - INFO - value={'usage_total': 3.6, 'usage_per_core': [6.2, 0.0, 6.2, 1.6, 1.6, 6.2, 0.0, 0.0, 10.8, 10.9, 0.0, 0.0]}
2025-02-16 05:14 - INFO - value={'total': 34258022400, 'available': 17653874688, 'percent': 48.5, 'used': 16604147712, 'free': 17653874688}
2025-02-16 05:14 - INFO - Encolando evento: {'cpu_usage': {'total': 34258022400, 'available': 17653874688, 'percent': 48.5, 'used': 16604147712, 'free': 17653874688}}
2025-02-16 05:14 - INFO - key: cpu_usage
2025-02-16 05:14 - INFO - value={'total': 34258022400, 'available': 17653874688, 'percent': 48.5, 'used': 16604147712, 'free': 17653874688}
2025-02-16 05:14 - INFO - Data memory measure: {'total': 34258022400, 'available': 17656442880, 'percent': 48.5, 'used': 16601579520, 'free': 17656442880}
2025-02-16 05:14 - INFO - Data cpu measure: {'usage_total': 4.0, 'usage_per_core': [0.0, 1.5, 1.5, 1.5, 9.2, 13.8, 0.0, 1.5, 7.6, 7.6, 0.0, 3.1]}
2025-02-16 05:14 - INFO - Encolando evento: {'memory_usage': {'total': 34258022400, 'available': 17656442880, 'percent': 48.5, 'used': 16601579520, 'free': 17656442880}}
2025-02-16 05:14 - INFO - Encolando evento: {'cpu_usage': {'usage_total': 4.0, 'usage_per_core': [0.0, 1.5, 1.5, 1.5, 9.2, 13.8, 0.0, 1.5, 7.6, 7.6, 0.0, 3.1]}}
2025-02-16 05:14 - INFO - key: memory_usage
2025-02-16 05:14 - INFO - key: cpu_usage
2025-02-16 05:14 - INFO - value={'total': 34258022400, 'available': 17656442880, 'percent': 48.5, 'used': 16601579520, 'free': 17656442880}
2025-02-16 05:14 - INFO - value={'usage_total': 4.0, 'usage_per_core': [0.0, 1.5, 1.5, 1.5, 9.2, 13.8, 0.0, 1.5, 7.6, 7.6, 0.0, 3.1]}
2025-02-16 05:14 - INFO - Encolando evento: {'cpu_usage': {'total': 34258022400, 'available': 17656442880, 'percent': 48.5, 'used': 16601579520, 'free': 17656442880}}
2025-02-16 05:14 - INFO - key: cpu_usage
2025-02-16 05:14 - INFO - value={'total': 34258022400, 'available': 17656442880, 'percent': 48.5, 'used': 16601579520, 'free': 17656442880}
2025-02-16 05:14 - INFO - Data cpu measure: {'usage_total': 2.2, 'usage_per_core': [3.1, 0.0, 3.1, 0.0, 1.5, 6.2, 0.0, 0.0, 4.6, 7.7, 0.0, 0.0]}
2025-02-16 05:14 - INFO - Data memory measure: {'total': 34258022400, 'available': 17657696256, 'percent': 48.5, 'used': 16600326144, 'free': 17657696256}
2025-02-16 05:14 - INFO - Encolando evento: {'cpu_usage': {'usage_total': 2.2, 'usage_per_core': [3.1, 0.0, 3.1, 0.0, 1.5, 6.2, 0.0, 0.0, 4.6, 7.7, 0.0, 0.0]}}
2025-02-16 05:14 - INFO - Encolando evento: {'memory_usage': {'total': 34258022400, 'available': 17657696256, 'percent': 48.5, 'used': 16600326144, 'free': 17657696256}}
2025-02-16 05:14 - INFO - key: cpu_usage
2025-02-16 05:14 - INFO - key: memory_usage
2025-02-16 05:14 - INFO - value={'usage_total': 2.2, 'usage_per_core': [3.1, 0.0, 3.1, 0.0, 1.5, 6.2, 0.0, 0.0, 4.6, 7.7, 0.0, 0.0]}
2025-02-16 05:14 - INFO - value={'total': 34258022400, 'available': 17657696256, 'percent': 48.5, 'used': 16600326144, 'free': 17657696256}
2025-02-16 05:14 - INFO - Encolando evento: {'cpu_usage': {'total': 34258022400, 'available': 17657696256, 'percent': 48.5, 'used': 16600326144, 'free': 17657696256}}
2025-02-16 05:14 - INFO - key: cpu_usage
2025-02-16 05:14 - INFO - value={'total': 34258022400, 'available': 17657696256, 'percent': 48.5, 'used': 16600326144, 'free': 17657696256}
2025-02-16 05:14 - INFO - Data memory measure: {'total': 34258022400, 'available': 17663160320, 'percent': 48.4, 'used': 16594862080, 'free': 17663160320}
2025-02-16 05:14 - INFO - Data cpu measure: {'usage_total': 3.4, 'usage_per_core': [4.5, 0.0, 3.1, 4.6, 7.7, 7.7, 1.5, 0.0, 6.2, 3.1, 3.0, 0.0]}
2025-02-16 05:14 - INFO - Encolando evento: {'memory_usage': {'total': 34258022400, 'available': 17663160320, 'percent': 48.4, 'used': 16594862080, 'free': 17663160320}}
2025-02-16 05:14 - INFO - Encolando evento: {'cpu_usage': {'usage_total': 3.4, 'usage_per_core': [4.5, 0.0, 3.1, 4.6, 7.7, 7.7, 1.5, 0.0, 6.2, 3.1, 3.0, 0.0]}}
2025-02-16 05:14 - INFO - key: memory_usage
2025-02-16 05:14 - INFO - key: cpu_usage
2025-02-16 05:14 - INFO - value={'total': 34258022400, 'available': 17663160320, 'percent': 48.4, 'used': 16594862080, 'free': 17663160320}
2025-02-16 05:14 - INFO - value={'usage_total': 3.4, 'usage_per_core': [4.5, 0.0, 3.1, 4.6, 7.7, 7.7, 1.5, 0.0, 6.2, 3.1, 3.0, 0.0]}
2025-02-16 05:14 - INFO - Encolando evento: {'cpu_usage': {'total': 34258022400, 'available': 17663160320, 'percent': 48.4, 'used': 16594862080, 'free': 17663160320}}
2025-02-16 05:14 - INFO - key: cpu_usage
2025-02-16 05:14 - INFO - value={'total': 34258022400, 'available': 17663160320, 'percent': 48.4, 'used': 16594862080, 'free': 17663160320}
2025-02-16 05:14 - INFO - Data memory measure: {'total': 34258022400, 'available': 17661374464, 'percent': 48.4, 'used': 16596647936, 'free': 17661374464}
2025-02-16 05:14 - INFO - Data cpu measure: {'usage_total': 2.9, 'usage_per_core': [1.5, 0.0, 1.5, 0.0, 7.7, 6.2, 3.1, 1.5, 3.1, 7.7, 3.0, 0.0]}
2025-02-16 05:14 - INFO - Encolando evento: {'memory_usage': {'total': 34258022400, 'available': 17661374464, 'percent': 48.4, 'used': 16596647936, 'free': 17661374464}}
2025-02-16 05:14 - INFO - Encolando evento: {'cpu_usage': {'usage_total': 2.9, 'usage_per_core': [1.5, 0.0, 1.5, 0.0, 7.7, 6.2, 3.1, 1.5, 3.1, 7.7, 3.0, 0.0]}}
2025-02-16 05:14 - INFO - key: memory_usage
2025-02-16 05:14 - INFO - key: cpu_usage
2025-02-16 05:14 - INFO - value={'total': 34258022400, 'available': 17661374464, 'percent': 48.4, 'used': 16596647936, 'free': 17661374464}
2025-02-16 05:14 - INFO - value={'usage_total': 2.9, 'usage_per_core': [1.5, 0.0, 1.5, 0.0, 7.7, 6.2, 3.1, 1.5, 3.1, 7.7, 3.0, 0.0]}
2025-02-16 05:14 - INFO - Encolando evento: {'cpu_usage': {'total': 34258022400, 'available': 17661374464, 'percent': 48.4, 'used': 16596647936, 'free': 17661374464}}
2025-02-16 05:14 - INFO - key: cpu_usage
2025-02-16 05:14 - INFO - value={'total': 34258022400, 'available': 17661374464, 'percent': 48.4, 'used': 16596647936, 'free': 17661374464}
2025-02-16 05:14 - INFO - Data cpu measure: {'usage_total': 1.4, 'usage_per_core': [0.0, 0.0, 3.1, 0.0, 1.5, 1.5, 0.0, 0.0, 3.1, 4.6, 0.0, 3.1]}
2025-02-16 05:14 - INFO - Data memory measure: {'total': 34258022400, 'available': 17662013440, 'percent': 48.4, 'used': 16596008960, 'free': 17662013440}
2025-02-16 05:14 - INFO - Encolando evento: {'cpu_usage': {'usage_total': 1.4, 'usage_per_core': [0.0, 0.0, 3.1, 0.0, 1.5, 1.5, 0.0, 0.0, 3.1, 4.6, 0.0, 3.1]}}
2025-02-16 05:14 - INFO - Encolando evento: {'memory_usage': {'total': 34258022400, 'available': 17662013440, 'percent': 48.4, 'used': 16596008960, 'free': 17662013440}}
2025-02-16 05:14 - INFO - key: cpu_usage
2025-02-16 05:14 - INFO - key: memory_usage
2025-02-16 05:14 - INFO - value={'usage_total': 1.4, 'usage_per_core': [0.0, 0.0, 3.1, 0.0, 1.5, 1.5, 0.0, 0.0, 3.1, 4.6, 0.0, 3.1]}
2025-02-16 05:14 - INFO - value={'total': 34258022400, 'available': 17662013440, 'percent': 48.4, 'used': 16596008960, 'free': 17662013440}
2025-02-16 05:14 - INFO - Encolando evento: {'cpu_usage': {'total': 34258022400, 'available': 17662013440, 'percent': 48.4, 'used': 16596008960, 'free': 17662013440}}
2025-02-16 05:14 - INFO - key: cpu_usage
2025-02-16 05:14 - INFO - value={'total': 34258022400, 'available': 17662013440, 'percent': 48.4, 'used': 16596008960, 'free': 17662013440}
2025-02-16 05:14 - INFO - Data memory measure: {'total': 34258022400, 'available': 17661980672, 'percent': 48.4, 'used': 16596041728, 'free': 17661980672}
2025-02-16 05:14 - INFO - Data cpu measure: {'usage_total': 1.8, 'usage_per_core': [4.6, 0.0, 0.0, 0.0, 1.5, 7.6, 0.0, 0.0, 3.1, 3.1, 0.0, 1.5]}
2025-02-16 05:14 - INFO - Encolando evento: {'memory_usage': {'total': 34258022400, 'available': 17661980672, 'percent': 48.4, 'used': 16596041728, 'free': 17661980672}}
2025-02-16 05:14 - INFO - Encolando evento: {'cpu_usage': {'usage_total': 1.8, 'usage_per_core': [4.6, 0.0, 0.0, 0.0, 1.5, 7.6, 0.0, 0.0, 3.1, 3.1, 0.0, 1.5]}}
2025-02-16 05:14 - INFO - key: memory_usage
2025-02-16 05:14 - INFO - key: cpu_usage
2025-02-16 05:14 - INFO - value={'total': 34258022400, 'available': 17661980672, 'percent': 48.4, 'used': 16596041728, 'free': 17661980672}
2025-02-16 05:14 - INFO - value={'usage_total': 1.8, 'usage_per_core': [4.6, 0.0, 0.0, 0.0, 1.5, 7.6, 0.0, 0.0, 3.1, 3.1, 0.0, 1.5]}
2025-02-16 05:14 - INFO - Encolando evento: {'cpu_usage': {'total': 34258022400, 'available': 17661980672, 'percent': 48.4, 'used': 16596041728, 'free': 17661980672}}
2025-02-16 05:14 - INFO - key: cpu_usage
2025-02-16 05:14 - INFO - value={'total': 34258022400, 'available': 17661980672, 'percent': 48.4, 'used': 16596041728, 'free': 17661980672}
2025-02-16 05:15 - INFO - Monitor de recursos inicializado.
2025-02-16 05:15 - INFO - Data cpu measure: {'usage_total': 0.0, 'usage_per_core': [0.0, 0.0, 0.0, 0.0, 0.0, 0.0, 0.0, 0.0, 0.0, 0.0, 0.0, 0.0]}
2025-02-16 05:15 - INFO - Encolando evento: {'cpu_usage': {'usage_total': 0.0, 'usage_per_core': [0.0, 0.0, 0.0, 0.0, 0.0, 0.0, 0.0, 0.0, 0.0, 0.0, 0.0, 0.0]}}
2025-02-16 05:15 - INFO - Data memory measure: {'total': 34258022400, 'available': 17657982976, 'percent': 48.5, 'used': 16600039424, 'free': 17657982976}
2025-02-16 05:15 - INFO - key: cpu_usage
2025-02-16 05:15 - INFO - Encolando evento: {'memory_usage': {'total': 34258022400, 'available': 17657982976, 'percent': 48.5, 'used': 16600039424, 'free': 17657982976}}
2025-02-16 05:15 - INFO - value={'usage_total': 0.0, 'usage_per_core': [0.0, 0.0, 0.0, 0.0, 0.0, 0.0, 0.0, 0.0, 0.0, 0.0, 0.0, 0.0]}
2025-02-16 05:15 - INFO - key: memory_usage
2025-02-16 05:15 - INFO - value={'total': 34258022400, 'available': 17657982976, 'percent': 48.5, 'used': 16600039424, 'free': 17657982976}
2025-02-16 05:15 - INFO - Encolando evento: {'cpu_usage': {'total': 34258022400, 'available': 17657982976, 'percent': 48.5, 'used': 16600039424, 'free': 17657982976}}
2025-02-16 05:15 - INFO - key: cpu_usage
2025-02-16 05:15 - INFO - value={'total': 34258022400, 'available': 17657982976, 'percent': 48.5, 'used': 16600039424, 'free': 17657982976}
2025-02-16 05:15 - INFO - Data memory measure: {'total': 34258022400, 'available': 17721929728, 'percent': 48.3, 'used': 16536092672, 'free': 17721929728}
2025-02-16 05:15 - INFO - Data cpu measure: {'usage_total': 4.4, 'usage_per_core': [1.6, 1.6, 6.2, 0.0, 7.8, 6.2, 3.1, 4.6, 7.8, 10.8, 1.6, 1.6]}
2025-02-16 05:15 - INFO - Encolando evento: {'memory_usage': {'total': 34258022400, 'available': 17721929728, 'percent': 48.3, 'used': 16536092672, 'free': 17721929728}}
2025-02-16 05:15 - INFO - Encolando evento: {'cpu_usage': {'usage_total': 4.4, 'usage_per_core': [1.6, 1.6, 6.2, 0.0, 7.8, 6.2, 3.1, 4.6, 7.8, 10.8, 1.6, 1.6]}}
2025-02-16 05:15 - INFO - key: memory_usage
2025-02-16 05:15 - INFO - key: cpu_usage
2025-02-16 05:15 - INFO - value={'total': 34258022400, 'available': 17721929728, 'percent': 48.3, 'used': 16536092672, 'free': 17721929728}
2025-02-16 05:15 - INFO - value={'usage_total': 4.4, 'usage_per_core': [1.6, 1.6, 6.2, 0.0, 7.8, 6.2, 3.1, 4.6, 7.8, 10.8, 1.6, 1.6]}
2025-02-16 05:15 - INFO - Encolando evento: {'cpu_usage': {'total': 34258022400, 'available': 17721929728, 'percent': 48.3, 'used': 16536092672, 'free': 17721929728}}
2025-02-16 05:15 - INFO - key: cpu_usage
2025-02-16 05:15 - INFO - value={'total': 34258022400, 'available': 17721929728, 'percent': 48.3, 'used': 16536092672, 'free': 17721929728}
2025-02-16 05:15 - INFO - Data memory measure: {'total': 34258022400, 'available': 17723625472, 'percent': 48.3, 'used': 16534396928, 'free': 17723625472}
2025-02-16 05:15 - INFO - Data cpu measure: {'usage_total': 2.2, 'usage_per_core': [4.5, 0.0, 3.1, 1.5, 4.5, 4.5, 0.0, 1.5, 1.5, 4.5, 0.0, 0.0]}
2025-02-16 05:15 - INFO - Encolando evento: {'memory_usage': {'total': 34258022400, 'available': 17723625472, 'percent': 48.3, 'used': 16534396928, 'free': 17723625472}}
2025-02-16 05:15 - INFO - Encolando evento: {'cpu_usage': {'usage_total': 2.2, 'usage_per_core': [4.5, 0.0, 3.1, 1.5, 4.5, 4.5, 0.0, 1.5, 1.5, 4.5, 0.0, 0.0]}}
2025-02-16 05:15 - INFO - key: memory_usage
2025-02-16 05:15 - INFO - key: cpu_usage
2025-02-16 05:15 - INFO - value={'total': 34258022400, 'available': 17723625472, 'percent': 48.3, 'used': 16534396928, 'free': 17723625472}
2025-02-16 05:15 - INFO - value={'usage_total': 2.2, 'usage_per_core': [4.5, 0.0, 3.1, 1.5, 4.5, 4.5, 0.0, 1.5, 1.5, 4.5, 0.0, 0.0]}
2025-02-16 05:15 - INFO - Encolando evento: {'cpu_usage': {'total': 34258022400, 'available': 17723625472, 'percent': 48.3, 'used': 16534396928, 'free': 17723625472}}
2025-02-16 05:15 - INFO - key: cpu_usage
2025-02-16 05:15 - INFO - value={'total': 34258022400, 'available': 17723625472, 'percent': 48.3, 'used': 16534396928, 'free': 17723625472}
2025-02-16 05:15 - INFO - Data cpu measure: {'usage_total': 2.5, 'usage_per_core': [0.0, 1.5, 7.7, 0.0, 6.2, 4.7, 0.0, 0.0, 6.1, 1.6, 0.0, 1.6]}
2025-02-16 05:15 - INFO - Data memory measure: {'total': 34258022400, 'available': 17724186624, 'percent': 48.3, 'used': 16533835776, 'free': 17724186624}
2025-02-16 05:15 - INFO - Encolando evento: {'cpu_usage': {'usage_total': 2.5, 'usage_per_core': [0.0, 1.5, 7.7, 0.0, 6.2, 4.7, 0.0, 0.0, 6.1, 1.6, 0.0, 1.6]}}
2025-02-16 05:15 - INFO - Encolando evento: {'memory_usage': {'total': 34258022400, 'available': 17724186624, 'percent': 48.3, 'used': 16533835776, 'free': 17724186624}}
2025-02-16 05:15 - INFO - key: cpu_usage
2025-02-16 05:15 - INFO - key: memory_usage
2025-02-16 05:15 - INFO - value={'usage_total': 2.5, 'usage_per_core': [0.0, 1.5, 7.7, 0.0, 6.2, 4.7, 0.0, 0.0, 6.1, 1.6, 0.0, 1.6]}
2025-02-16 05:15 - INFO - value={'total': 34258022400, 'available': 17724186624, 'percent': 48.3, 'used': 16533835776, 'free': 17724186624}
2025-02-16 05:15 - INFO - Encolando evento: {'cpu_usage': {'total': 34258022400, 'available': 17724186624, 'percent': 48.3, 'used': 16533835776, 'free': 17724186624}}
2025-02-16 05:15 - INFO - key: cpu_usage
2025-02-16 05:15 - INFO - value={'total': 34258022400, 'available': 17724186624, 'percent': 48.3, 'used': 16533835776, 'free': 17724186624}
2025-02-16 05:15 - INFO - Data memory measure: {'total': 34258022400, 'available': 17723273216, 'percent': 48.3, 'used': 16534749184, 'free': 17723273216}
2025-02-16 05:15 - INFO - Data cpu measure: {'usage_total': 1.8, 'usage_per_core': [1.5, 0.0, 1.5, 1.5, 7.7, 3.1, 0.0, 0.0, 1.5, 4.6, 0.0, 0.0]}
2025-02-16 05:15 - INFO - Encolando evento: {'memory_usage': {'total': 34258022400, 'available': 17723273216, 'percent': 48.3, 'used': 16534749184, 'free': 17723273216}}
2025-02-16 05:15 - INFO - Encolando evento: {'cpu_usage': {'usage_total': 1.8, 'usage_per_core': [1.5, 0.0, 1.5, 1.5, 7.7, 3.1, 0.0, 0.0, 1.5, 4.6, 0.0, 0.0]}}
2025-02-16 05:15 - INFO - key: memory_usage
2025-02-16 05:15 - INFO - key: cpu_usage
2025-02-16 05:15 - INFO - value={'total': 34258022400, 'available': 17723273216, 'percent': 48.3, 'used': 16534749184, 'free': 17723273216}
2025-02-16 05:15 - INFO - value={'usage_total': 1.8, 'usage_per_core': [1.5, 0.0, 1.5, 1.5, 7.7, 3.1, 0.0, 0.0, 1.5, 4.6, 0.0, 0.0]}
2025-02-16 05:15 - INFO - Encolando evento: {'cpu_usage': {'total': 34258022400, 'available': 17723273216, 'percent': 48.3, 'used': 16534749184, 'free': 17723273216}}
2025-02-16 05:15 - INFO - key: cpu_usage
2025-02-16 05:15 - INFO - value={'total': 34258022400, 'available': 17723273216, 'percent': 48.3, 'used': 16534749184, 'free': 17723273216}
2025-02-16 05:15 - INFO - Data cpu measure: {'usage_total': 3.4, 'usage_per_core': [4.6, 1.6, 7.8, 4.7, 7.7, 3.1, 0.0, 0.0, 4.7, 4.7, 1.6, 0.0]}
2025-02-16 05:15 - INFO - Data memory measure: {'total': 34258022400, 'available': 17725173760, 'percent': 48.3, 'used': 16532848640, 'free': 17725173760}
2025-02-16 05:15 - INFO - Encolando evento: {'cpu_usage': {'usage_total': 3.4, 'usage_per_core': [4.6, 1.6, 7.8, 4.7, 7.7, 3.1, 0.0, 0.0, 4.7, 4.7, 1.6, 0.0]}}
2025-02-16 05:15 - INFO - Encolando evento: {'memory_usage': {'total': 34258022400, 'available': 17725173760, 'percent': 48.3, 'used': 16532848640, 'free': 17725173760}}
2025-02-16 05:15 - INFO - key: cpu_usage
2025-02-16 05:15 - INFO - key: memory_usage
2025-02-16 05:15 - INFO - value={'usage_total': 3.4, 'usage_per_core': [4.6, 1.6, 7.8, 4.7, 7.7, 3.1, 0.0, 0.0, 4.7, 4.7, 1.6, 0.0]}
2025-02-16 05:15 - INFO - value={'total': 34258022400, 'available': 17725173760, 'percent': 48.3, 'used': 16532848640, 'free': 17725173760}
2025-02-16 05:15 - INFO - Encolando evento: {'cpu_usage': {'total': 34258022400, 'available': 17725173760, 'percent': 48.3, 'used': 16532848640, 'free': 17725173760}}
2025-02-16 05:15 - INFO - key: cpu_usage
2025-02-16 05:15 - INFO - value={'total': 34258022400, 'available': 17725173760, 'percent': 48.3, 'used': 16532848640, 'free': 17725173760}
2025-02-16 05:15 - INFO - Programa finalizado de forma controlada.
2025-02-16 05:15 - INFO - Monitor de recursos inicializado.
2025-02-16 05:15 - INFO - Data cpu measure: {'usage_total': 0.0, 'usage_per_core': [0.0, 0.0, 0.0, 0.0, 0.0, 0.0, 0.0, 0.0, 0.0, 0.0, 0.0, 0.0]}
2025-02-16 05:15 - INFO - Encolando evento: {'cpu_usage': {'usage_total': 0.0, 'usage_per_core': [0.0, 0.0, 0.0, 0.0, 0.0, 0.0, 0.0, 0.0, 0.0, 0.0, 0.0, 0.0]}}
2025-02-16 05:15 - INFO - key: cpu_usage
2025-02-16 05:15 - INFO - Data memory measure: {'total': 34258022400, 'available': 17785532416, 'percent': 48.1, 'used': 16472489984, 'free': 17785532416}
2025-02-16 05:15 - INFO - value={'usage_total': 0.0, 'usage_per_core': [0.0, 0.0, 0.0, 0.0, 0.0, 0.0, 0.0, 0.0, 0.0, 0.0, 0.0, 0.0]}
2025-02-16 05:15 - INFO - Encolando evento: {'memory_usage': {'total': 34258022400, 'available': 17785532416, 'percent': 48.1, 'used': 16472489984, 'free': 17785532416}}
2025-02-16 05:15 - INFO - key: memory_usage
2025-02-16 05:15 - INFO - value={'total': 34258022400, 'available': 17785532416, 'percent': 48.1, 'used': 16472489984, 'free': 17785532416}
2025-02-16 05:15 - INFO - Encolando evento: {'cpu_usage': {'total': 34258022400, 'available': 17785532416, 'percent': 48.1, 'used': 16472489984, 'free': 17785532416}}
2025-02-16 05:15 - INFO - key: cpu_usage
2025-02-16 05:15 - INFO - value={'total': 34258022400, 'available': 17785532416, 'percent': 48.1, 'used': 16472489984, 'free': 17785532416}
2025-02-16 05:15 - INFO - Data memory measure: {'total': 34258022400, 'available': 17802649600, 'percent': 48.0, 'used': 16455372800, 'free': 17802649600}
2025-02-16 05:15 - INFO - Data cpu measure: {'usage_total': 5.2, 'usage_per_core': [4.7, 6.2, 1.6, 3.1, 10.9, 7.7, 1.6, 1.6, 7.8, 16.9, 0.0, 0.0]}
2025-02-16 05:15 - INFO - Encolando evento: {'memory_usage': {'total': 34258022400, 'available': 17802649600, 'percent': 48.0, 'used': 16455372800, 'free': 17802649600}}
2025-02-16 05:15 - INFO - Encolando evento: {'cpu_usage': {'usage_total': 5.2, 'usage_per_core': [4.7, 6.2, 1.6, 3.1, 10.9, 7.7, 1.6, 1.6, 7.8, 16.9, 0.0, 0.0]}}
2025-02-16 05:15 - INFO - key: memory_usage
2025-02-16 05:15 - INFO - key: cpu_usage
2025-02-16 05:15 - INFO - value={'total': 34258022400, 'available': 17802649600, 'percent': 48.0, 'used': 16455372800, 'free': 17802649600}
2025-02-16 05:15 - INFO - value={'usage_total': 5.2, 'usage_per_core': [4.7, 6.2, 1.6, 3.1, 10.9, 7.7, 1.6, 1.6, 7.8, 16.9, 0.0, 0.0]}
2025-02-16 05:15 - INFO - Encolando evento: {'cpu_usage': {'total': 34258022400, 'available': 17802649600, 'percent': 48.0, 'used': 16455372800, 'free': 17802649600}}
2025-02-16 05:15 - INFO - key: cpu_usage
2025-02-16 05:15 - INFO - value={'total': 34258022400, 'available': 17802649600, 'percent': 48.0, 'used': 16455372800, 'free': 17802649600}
2025-02-16 05:15 - INFO - Data cpu measure: {'usage_total': 1.7, 'usage_per_core': [0.0, 0.0, 4.6, 4.6, 4.6, 1.5, 1.6, 1.6, 1.5, 0.0, 0.0, 0.0]}
2025-02-16 05:15 - INFO - Data memory measure: {'total': 34258022400, 'available': 17799995392, 'percent': 48.0, 'used': 16458027008, 'free': 17799995392}
2025-02-16 05:15 - INFO - Encolando evento: {'cpu_usage': {'usage_total': 1.7, 'usage_per_core': [0.0, 0.0, 4.6, 4.6, 4.6, 1.5, 1.6, 1.6, 1.5, 0.0, 0.0, 0.0]}}
2025-02-16 05:15 - INFO - Encolando evento: {'memory_usage': {'total': 34258022400, 'available': 17799995392, 'percent': 48.0, 'used': 16458027008, 'free': 17799995392}}
2025-02-16 05:15 - INFO - key: cpu_usage
2025-02-16 05:15 - INFO - key: memory_usage
2025-02-16 05:15 - INFO - value={'usage_total': 1.7, 'usage_per_core': [0.0, 0.0, 4.6, 4.6, 4.6, 1.5, 1.6, 1.6, 1.5, 0.0, 0.0, 0.0]}
2025-02-16 05:15 - INFO - value={'total': 34258022400, 'available': 17799995392, 'percent': 48.0, 'used': 16458027008, 'free': 17799995392}
2025-02-16 05:15 - INFO - Encolando evento: {'cpu_usage': {'total': 34258022400, 'available': 17799995392, 'percent': 48.0, 'used': 16458027008, 'free': 17799995392}}
2025-02-16 05:15 - INFO - key: cpu_usage
2025-02-16 05:15 - INFO - value={'total': 34258022400, 'available': 17799995392, 'percent': 48.0, 'used': 16458027008, 'free': 17799995392}
2025-02-16 05:15 - INFO - Data memory measure: {'total': 34258022400, 'available': 17805389824, 'percent': 48.0, 'used': 16452632576, 'free': 17805389824}
2025-02-16 05:15 - INFO - Data cpu measure: {'usage_total': 1.3, 'usage_per_core': [0.0, 0.0, 1.5, 1.5, 6.2, 3.1, 0.0, 0.0, 0.0, 3.1, 0.0, 0.0]}
2025-02-16 05:15 - INFO - Encolando evento: {'memory_usage': {'total': 34258022400, 'available': 17805389824, 'percent': 48.0, 'used': 16452632576, 'free': 17805389824}}
2025-02-16 05:15 - INFO - Encolando evento: {'cpu_usage': {'usage_total': 1.3, 'usage_per_core': [0.0, 0.0, 1.5, 1.5, 6.2, 3.1, 0.0, 0.0, 0.0, 3.1, 0.0, 0.0]}}
2025-02-16 05:15 - INFO - key: memory_usage
2025-02-16 05:15 - INFO - key: cpu_usage
2025-02-16 05:15 - INFO - value={'total': 34258022400, 'available': 17805389824, 'percent': 48.0, 'used': 16452632576, 'free': 17805389824}
2025-02-16 05:15 - INFO - value={'usage_total': 1.3, 'usage_per_core': [0.0, 0.0, 1.5, 1.5, 6.2, 3.1, 0.0, 0.0, 0.0, 3.1, 0.0, 0.0]}
2025-02-16 05:15 - INFO - Encolando evento: {'cpu_usage': {'total': 34258022400, 'available': 17805389824, 'percent': 48.0, 'used': 16452632576, 'free': 17805389824}}
2025-02-16 05:15 - INFO - key: cpu_usage
2025-02-16 05:15 - INFO - value={'total': 34258022400, 'available': 17805389824, 'percent': 48.0, 'used': 16452632576, 'free': 17805389824}
2025-02-16 05:15 - INFO - Data cpu measure: {'usage_total': 2.1, 'usage_per_core': [1.6, 1.6, 0.0, 0.0, 4.7, 10.6, 1.6, 0.0, 3.1, 1.6, 0.0, 0.0]}
2025-02-16 05:15 - INFO - Data memory measure: {'total': 34258022400, 'available': 17806032896, 'percent': 48.0, 'used': 16451989504, 'free': 17806032896}
2025-02-16 05:15 - INFO - Encolando evento: {'cpu_usage': {'usage_total': 2.1, 'usage_per_core': [1.6, 1.6, 0.0, 0.0, 4.7, 10.6, 1.6, 0.0, 3.1, 1.6, 0.0, 0.0]}}
2025-02-16 05:15 - INFO - Encolando evento: {'memory_usage': {'total': 34258022400, 'available': 17806032896, 'percent': 48.0, 'used': 16451989504, 'free': 17806032896}}
2025-02-16 05:15 - INFO - key: cpu_usage
2025-02-16 05:15 - INFO - key: memory_usage
2025-02-16 05:15 - INFO - value={'usage_total': 2.1, 'usage_per_core': [1.6, 1.6, 0.0, 0.0, 4.7, 10.6, 1.6, 0.0, 3.1, 1.6, 0.0, 0.0]}
2025-02-16 05:15 - INFO - value={'total': 34258022400, 'available': 17806032896, 'percent': 48.0, 'used': 16451989504, 'free': 17806032896}
2025-02-16 05:15 - INFO - Encolando evento: {'cpu_usage': {'total': 34258022400, 'available': 17806032896, 'percent': 48.0, 'used': 16451989504, 'free': 17806032896}}
2025-02-16 05:15 - INFO - key: cpu_usage
2025-02-16 05:15 - INFO - value={'total': 34258022400, 'available': 17806032896, 'percent': 48.0, 'used': 16451989504, 'free': 17806032896}
2025-02-16 05:15 - INFO - Data memory measure: {'total': 34258022400, 'available': 17806307328, 'percent': 48.0, 'used': 16451715072, 'free': 17806307328}
2025-02-16 05:15 - INFO - Data cpu measure: {'usage_total': 1.4, 'usage_per_core': [1.5, 1.5, 1.5, 0.0, 1.6, 3.1, 0.0, 0.0, 4.6, 3.1, 0.0, 0.0]}
2025-02-16 05:15 - INFO - Encolando evento: {'memory_usage': {'total': 34258022400, 'available': 17806307328, 'percent': 48.0, 'used': 16451715072, 'free': 17806307328}}
2025-02-16 05:15 - INFO - Encolando evento: {'cpu_usage': {'usage_total': 1.4, 'usage_per_core': [1.5, 1.5, 1.5, 0.0, 1.6, 3.1, 0.0, 0.0, 4.6, 3.1, 0.0, 0.0]}}
2025-02-16 05:15 - INFO - key: memory_usage
2025-02-16 05:15 - INFO - key: cpu_usage
2025-02-16 05:15 - INFO - value={'total': 34258022400, 'available': 17806307328, 'percent': 48.0, 'used': 16451715072, 'free': 17806307328}
2025-02-16 05:15 - INFO - value={'usage_total': 1.4, 'usage_per_core': [1.5, 1.5, 1.5, 0.0, 1.6, 3.1, 0.0, 0.0, 4.6, 3.1, 0.0, 0.0]}
2025-02-16 05:15 - INFO - Encolando evento: {'cpu_usage': {'total': 34258022400, 'available': 17806307328, 'percent': 48.0, 'used': 16451715072, 'free': 17806307328}}
2025-02-16 05:15 - INFO - key: cpu_usage
2025-02-16 05:15 - INFO - value={'total': 34258022400, 'available': 17806307328, 'percent': 48.0, 'used': 16451715072, 'free': 17806307328}
2025-02-16 05:15 - INFO - Data memory measure: {'total': 34258022400, 'available': 17805479936, 'percent': 48.0, 'used': 16452542464, 'free': 17805479936}
2025-02-16 05:15 - INFO - Data cpu measure: {'usage_total': 3.2, 'usage_per_core': [1.6, 0.0, 6.2, 3.1, 7.7, 7.8, 0.0, 0.0, 4.7, 7.8, 0.0, 0.0]}
2025-02-16 05:15 - INFO - Encolando evento: {'memory_usage': {'total': 34258022400, 'available': 17805479936, 'percent': 48.0, 'used': 16452542464, 'free': 17805479936}}
2025-02-16 05:15 - INFO - Encolando evento: {'cpu_usage': {'usage_total': 3.2, 'usage_per_core': [1.6, 0.0, 6.2, 3.1, 7.7, 7.8, 0.0, 0.0, 4.7, 7.8, 0.0, 0.0]}}
2025-02-16 05:15 - INFO - key: memory_usage
2025-02-16 05:15 - INFO - key: cpu_usage
2025-02-16 05:15 - INFO - value={'total': 34258022400, 'available': 17805479936, 'percent': 48.0, 'used': 16452542464, 'free': 17805479936}
2025-02-16 05:15 - INFO - value={'usage_total': 3.2, 'usage_per_core': [1.6, 0.0, 6.2, 3.1, 7.7, 7.8, 0.0, 0.0, 4.7, 7.8, 0.0, 0.0]}
2025-02-16 05:15 - INFO - Encolando evento: {'cpu_usage': {'total': 34258022400, 'available': 17805479936, 'percent': 48.0, 'used': 16452542464, 'free': 17805479936}}
2025-02-16 05:15 - INFO - key: cpu_usage
2025-02-16 05:15 - INFO - value={'total': 34258022400, 'available': 17805479936, 'percent': 48.0, 'used': 16452542464, 'free': 17805479936}
2025-02-16 05:16 - INFO - Monitor de recursos inicializado.
2025-02-16 05:16 - INFO - Data cpu measure: {'usage_total': 0.0, 'usage_per_core': [0.0, 0.0, 0.0, 0.0, 0.0, 0.0, 0.0, 0.0, 0.0, 0.0, 0.0, 0.0]}
2025-02-16 05:16 - INFO - Encolando evento: {'cpu_usage': {'usage_total': 0.0, 'usage_per_core': [0.0, 0.0, 0.0, 0.0, 0.0, 0.0, 0.0, 0.0, 0.0, 0.0, 0.0, 0.0]}}
2025-02-16 05:16 - INFO - Data memory measure: {'total': 34258022400, 'available': 17796358144, 'percent': 48.1, 'used': 16461664256, 'free': 17796358144}
2025-02-16 05:16 - INFO - key: cpu_usage
2025-02-16 05:16 - INFO - Encolando evento: {'memory_usage': {'total': 34258022400, 'available': 17796358144, 'percent': 48.1, 'used': 16461664256, 'free': 17796358144}}
2025-02-16 05:16 - INFO - value={'usage_total': 0.0, 'usage_per_core': [0.0, 0.0, 0.0, 0.0, 0.0, 0.0, 0.0, 0.0, 0.0, 0.0, 0.0, 0.0]}
2025-02-16 05:16 - INFO - key: memory_usage
2025-02-16 05:16 - INFO - value={'total': 34258022400, 'available': 17796358144, 'percent': 48.1, 'used': 16461664256, 'free': 17796358144}
2025-02-16 05:16 - INFO - Encolando evento: {'cpu_usage': {'total': 34258022400, 'available': 17796358144, 'percent': 48.1, 'used': 16461664256, 'free': 17796358144}}
2025-02-16 05:16 - INFO - key: cpu_usage
2025-02-16 05:16 - INFO - value={'total': 34258022400, 'available': 17796358144, 'percent': 48.1, 'used': 16461664256, 'free': 17796358144}
2025-02-16 05:16 - INFO - Data cpu measure: {'usage_total': 1.8, 'usage_per_core': [3.0, 1.5, 0.0, 0.0, 1.5, 9.2, 1.6, 0.0, 4.6, 0.0, 0.0, 0.0]}
2025-02-16 05:16 - INFO - Data memory measure: {'total': 34258022400, 'available': 17796128768, 'percent': 48.1, 'used': 16461893632, 'free': 17796128768}
2025-02-16 05:16 - INFO - Encolando evento: {'cpu_usage': {'usage_total': 1.8, 'usage_per_core': [3.0, 1.5, 0.0, 0.0, 1.5, 9.2, 1.6, 0.0, 4.6, 0.0, 0.0, 0.0]}}
2025-02-16 05:16 - INFO - Encolando evento: {'memory_usage': {'total': 34258022400, 'available': 17796128768, 'percent': 48.1, 'used': 16461893632, 'free': 17796128768}}
2025-02-16 05:16 - INFO - key: cpu_usage
2025-02-16 05:16 - INFO - key: memory_usage
2025-02-16 05:16 - INFO - value={'usage_total': 1.8, 'usage_per_core': [3.0, 1.5, 0.0, 0.0, 1.5, 9.2, 1.6, 0.0, 4.6, 0.0, 0.0, 0.0]}
2025-02-16 05:16 - INFO - value={'total': 34258022400, 'available': 17796128768, 'percent': 48.1, 'used': 16461893632, 'free': 17796128768}
2025-02-16 05:16 - INFO - Encolando evento: {'cpu_usage': {'total': 34258022400, 'available': 17796128768, 'percent': 48.1, 'used': 16461893632, 'free': 17796128768}}
2025-02-16 05:16 - INFO - key: cpu_usage
2025-02-16 05:16 - INFO - value={'total': 34258022400, 'available': 17796128768, 'percent': 48.1, 'used': 16461893632, 'free': 17796128768}
2025-02-16 05:16 - INFO - Data memory measure: {'total': 34258022400, 'available': 17804075008, 'percent': 48.0, 'used': 16453947392, 'free': 17804075008}
2025-02-16 05:16 - INFO - Data cpu measure: {'usage_total': 1.7, 'usage_per_core': [0.0, 0.0, 0.0, 0.0, 6.2, 3.1, 0.0, 0.0, 3.1, 7.8, 0.0, 0.0]}
2025-02-16 05:16 - INFO - Encolando evento: {'memory_usage': {'total': 34258022400, 'available': 17804075008, 'percent': 48.0, 'used': 16453947392, 'free': 17804075008}}
2025-02-16 05:16 - INFO - Encolando evento: {'cpu_usage': {'usage_total': 1.7, 'usage_per_core': [0.0, 0.0, 0.0, 0.0, 6.2, 3.1, 0.0, 0.0, 3.1, 7.8, 0.0, 0.0]}}
2025-02-16 05:16 - INFO - key: memory_usage
2025-02-16 05:16 - INFO - key: cpu_usage
2025-02-16 05:16 - INFO - value={'total': 34258022400, 'available': 17804075008, 'percent': 48.0, 'used': 16453947392, 'free': 17804075008}
2025-02-16 05:16 - INFO - value={'usage_total': 1.7, 'usage_per_core': [0.0, 0.0, 0.0, 0.0, 6.2, 3.1, 0.0, 0.0, 3.1, 7.8, 0.0, 0.0]}
2025-02-16 05:16 - INFO - Encolando evento: {'cpu_usage': {'total': 34258022400, 'available': 17804075008, 'percent': 48.0, 'used': 16453947392, 'free': 17804075008}}
2025-02-16 05:16 - INFO - key: cpu_usage
2025-02-16 05:16 - INFO - value={'total': 34258022400, 'available': 17804075008, 'percent': 48.0, 'used': 16453947392, 'free': 17804075008}
2025-02-16 05:16 - INFO - Data cpu measure: {'usage_total': 5.8, 'usage_per_core': [6.3, 3.1, 4.6, 7.7, 7.7, 16.9, 3.2, 1.6, 6.2, 7.6, 3.2, 1.6]}
2025-02-16 05:16 - INFO - Data memory measure: {'total': 34258022400, 'available': 17802960896, 'percent': 48.0, 'used': 16455061504, 'free': 17802960896}
2025-02-16 05:16 - INFO - Encolando evento: {'cpu_usage': {'usage_total': 5.8, 'usage_per_core': [6.3, 3.1, 4.6, 7.7, 7.7, 16.9, 3.2, 1.6, 6.2, 7.6, 3.2, 1.6]}}
2025-02-16 05:16 - INFO - Encolando evento: {'memory_usage': {'total': 34258022400, 'available': 17802960896, 'percent': 48.0, 'used': 16455061504, 'free': 17802960896}}
2025-02-16 05:16 - INFO - key: cpu_usage
2025-02-16 05:16 - INFO - key: memory_usage
2025-02-16 05:16 - INFO - value={'usage_total': 5.8, 'usage_per_core': [6.3, 3.1, 4.6, 7.7, 7.7, 16.9, 3.2, 1.6, 6.2, 7.6, 3.2, 1.6]}
2025-02-16 05:16 - INFO - value={'total': 34258022400, 'available': 17802960896, 'percent': 48.0, 'used': 16455061504, 'free': 17802960896}
2025-02-16 05:16 - INFO - Encolando evento: {'cpu_usage': {'total': 34258022400, 'available': 17802960896, 'percent': 48.0, 'used': 16455061504, 'free': 17802960896}}
2025-02-16 05:16 - INFO - key: cpu_usage
2025-02-16 05:16 - INFO - value={'total': 34258022400, 'available': 17802960896, 'percent': 48.0, 'used': 16455061504, 'free': 17802960896}
2025-02-16 05:16 - INFO - Programa finalizado de forma controlada.
2025-02-16 05:17 - INFO - Monitor de recursos inicializado.
2025-02-16 05:17 - INFO - Data cpu measure: {'usage_total': 0.0, 'usage_per_core': [0.0, 0.0, 0.0, 0.0, 0.0, 0.0, 0.0, 0.0, 0.0, 0.0, 0.0, 0.0]}
2025-02-16 05:17 - INFO - Encolando evento: {'cpu_usage': {'usage_total': 0.0, 'usage_per_core': [0.0, 0.0, 0.0, 0.0, 0.0, 0.0, 0.0, 0.0, 0.0, 0.0, 0.0, 0.0]}}
2025-02-16 05:17 - INFO - Data memory measure: {'total': 34258022400, 'available': 17609445376, 'percent': 48.6, 'used': 16648577024, 'free': 17609445376}
2025-02-16 05:17 - INFO - key: cpu_usage
2025-02-16 05:17 - INFO - Encolando evento: {'memory_usage': {'total': 34258022400, 'available': 17609445376, 'percent': 48.6, 'used': 16648577024, 'free': 17609445376}}
2025-02-16 05:17 - INFO - value={'usage_total': 0.0, 'usage_per_core': [0.0, 0.0, 0.0, 0.0, 0.0, 0.0, 0.0, 0.0, 0.0, 0.0, 0.0, 0.0]}
2025-02-16 05:17 - INFO - key: memory_usage
2025-02-16 05:17 - INFO - value={'total': 34258022400, 'available': 17609445376, 'percent': 48.6, 'used': 16648577024, 'free': 17609445376}
2025-02-16 05:17 - INFO - Encolando evento: {'cpu_usage': {'total': 34258022400, 'available': 17609445376, 'percent': 48.6, 'used': 16648577024, 'free': 17609445376}}
2025-02-16 05:17 - INFO - key: cpu_usage
2025-02-16 05:17 - INFO - value={'total': 34258022400, 'available': 17609445376, 'percent': 48.6, 'used': 16648577024, 'free': 17609445376}
2025-02-16 05:17 - INFO - Data cpu measure: {'usage_total': 4.5, 'usage_per_core': [0.0, 0.0, 6.1, 4.6, 7.7, 12.3, 0.0, 1.6, 0.0, 15.4, 3.1, 3.1]}
2025-02-16 05:17 - INFO - Data memory measure: {'total': 34258022400, 'available': 17633726464, 'percent': 48.5, 'used': 16624295936, 'free': 17633726464}
2025-02-16 05:17 - INFO - Encolando evento: {'cpu_usage': {'usage_total': 4.5, 'usage_per_core': [0.0, 0.0, 6.1, 4.6, 7.7, 12.3, 0.0, 1.6, 0.0, 15.4, 3.1, 3.1]}}
2025-02-16 05:17 - INFO - Encolando evento: {'memory_usage': {'total': 34258022400, 'available': 17633726464, 'percent': 48.5, 'used': 16624295936, 'free': 17633726464}}
2025-02-16 05:17 - INFO - key: cpu_usage
2025-02-16 05:17 - INFO - key: memory_usage
2025-02-16 05:17 - INFO - value={'usage_total': 4.5, 'usage_per_core': [0.0, 0.0, 6.1, 4.6, 7.7, 12.3, 0.0, 1.6, 0.0, 15.4, 3.1, 3.1]}
2025-02-16 05:17 - INFO - value={'total': 34258022400, 'available': 17633726464, 'percent': 48.5, 'used': 16624295936, 'free': 17633726464}
2025-02-16 05:17 - INFO - Encolando evento: {'cpu_usage': {'total': 34258022400, 'available': 17633726464, 'percent': 48.5, 'used': 16624295936, 'free': 17633726464}}
2025-02-16 05:17 - INFO - key: cpu_usage
2025-02-16 05:17 - INFO - value={'total': 34258022400, 'available': 17633726464, 'percent': 48.5, 'used': 16624295936, 'free': 17633726464}
2025-02-16 05:17 - INFO - Data memory measure: {'total': 34258022400, 'available': 17632727040, 'percent': 48.5, 'used': 16625295360, 'free': 17632727040}
2025-02-16 05:17 - INFO - Data cpu measure: {'usage_total': 2.3, 'usage_per_core': [0.0, 0.0, 1.5, 0.0, 6.2, 7.6, 0.0, 1.5, 6.2, 4.6, 0.0, 0.0]}
2025-02-16 05:17 - INFO - Encolando evento: {'memory_usage': {'total': 34258022400, 'available': 17632727040, 'percent': 48.5, 'used': 16625295360, 'free': 17632727040}}
2025-02-16 05:17 - INFO - Encolando evento: {'cpu_usage': {'usage_total': 2.3, 'usage_per_core': [0.0, 0.0, 1.5, 0.0, 6.2, 7.6, 0.0, 1.5, 6.2, 4.6, 0.0, 0.0]}}
2025-02-16 05:17 - INFO - key: memory_usage
2025-02-16 05:17 - INFO - key: cpu_usage
2025-02-16 05:17 - INFO - value={'total': 34258022400, 'available': 17632727040, 'percent': 48.5, 'used': 16625295360, 'free': 17632727040}
2025-02-16 05:17 - INFO - value={'usage_total': 2.3, 'usage_per_core': [0.0, 0.0, 1.5, 0.0, 6.2, 7.6, 0.0, 1.5, 6.2, 4.6, 0.0, 0.0]}
2025-02-16 05:17 - INFO - Encolando evento: {'cpu_usage': {'total': 34258022400, 'available': 17632727040, 'percent': 48.5, 'used': 16625295360, 'free': 17632727040}}
2025-02-16 05:17 - INFO - key: cpu_usage
2025-02-16 05:17 - INFO - value={'total': 34258022400, 'available': 17632727040, 'percent': 48.5, 'used': 16625295360, 'free': 17632727040}
2025-02-16 05:17 - INFO - Solicitud recibida: disk_usage
2025-02-16 05:17 - INFO - Data disk measure: {'disk_capacity': {'total': 930.79, 'used': 157.02, 'free': 773.77, 'percent': 16.9}}
2025-02-16 05:17 - INFO - Data cpu measure: {'usage_total': 9.3, 'usage_per_core': [3.1, 4.7, 14.1, 3.1, 20.3, 7.8, 6.3, 4.8, 32.3, 4.7, 7.9, 1.6]}
2025-02-16 05:17 - INFO - Data memory measure: {'total': 34258022400, 'available': 17585209344, 'percent': 48.7, 'used': 16672813056, 'free': 17585209344}
2025-02-16 05:17 - INFO - Encolando evento: {'cpu_usage': {'usage_total': 9.3, 'usage_per_core': [3.1, 4.7, 14.1, 3.1, 20.3, 7.8, 6.3, 4.8, 32.3, 4.7, 7.9, 1.6]}}
2025-02-16 05:17 - INFO - Encolando evento: {'memory_usage': {'total': 34258022400, 'available': 17585209344, 'percent': 48.7, 'used': 16672813056, 'free': 17585209344}}
2025-02-16 05:17 - INFO - key: cpu_usage
2025-02-16 05:17 - INFO - key: memory_usage
2025-02-16 05:17 - INFO - value={'usage_total': 9.3, 'usage_per_core': [3.1, 4.7, 14.1, 3.1, 20.3, 7.8, 6.3, 4.8, 32.3, 4.7, 7.9, 1.6]}
2025-02-16 05:17 - INFO - value={'total': 34258022400, 'available': 17585209344, 'percent': 48.7, 'used': 16672813056, 'free': 17585209344}
2025-02-16 05:17 - INFO - Encolando evento: {'cpu_usage': {'total': 34258022400, 'available': 17585209344, 'percent': 48.7, 'used': 16672813056, 'free': 17585209344}}
2025-02-16 05:17 - INFO - key: cpu_usage
2025-02-16 05:17 - INFO - value={'total': 34258022400, 'available': 17585209344, 'percent': 48.7, 'used': 16672813056, 'free': 17585209344}
2025-02-16 05:17 - INFO - Solicitud recibida: disk_usage
2025-02-16 05:17 - INFO - Data disk measure: {'disk_capacity': {'total': 930.79, 'used': 157.02, 'free': 773.77, 'percent': 16.9}}
2025-02-16 05:17 - INFO - Data cpu measure: {'usage_total': 2.3, 'usage_per_core': [0.0, 0.0, 0.0, 0.0, 4.6, 6.2, 1.5, 1.5, 3.1, 7.6, 3.0, 0.0]}
2025-02-16 05:17 - INFO - Data memory measure: {'total': 34258022400, 'available': 17605292032, 'percent': 48.6, 'used': 16652730368, 'free': 17605292032}
2025-02-16 05:17 - INFO - Encolando evento: {'cpu_usage': {'usage_total': 2.3, 'usage_per_core': [0.0, 0.0, 0.0, 0.0, 4.6, 6.2, 1.5, 1.5, 3.1, 7.6, 3.0, 0.0]}}
2025-02-16 05:17 - INFO - Encolando evento: {'memory_usage': {'total': 34258022400, 'available': 17605292032, 'percent': 48.6, 'used': 16652730368, 'free': 17605292032}}
2025-02-16 05:17 - INFO - key: cpu_usage
2025-02-16 05:17 - INFO - key: memory_usage
2025-02-16 05:17 - INFO - value={'usage_total': 2.3, 'usage_per_core': [0.0, 0.0, 0.0, 0.0, 4.6, 6.2, 1.5, 1.5, 3.1, 7.6, 3.0, 0.0]}
2025-02-16 05:17 - INFO - value={'total': 34258022400, 'available': 17605292032, 'percent': 48.6, 'used': 16652730368, 'free': 17605292032}
2025-02-16 05:17 - INFO - Encolando evento: {'cpu_usage': {'total': 34258022400, 'available': 17605292032, 'percent': 48.6, 'used': 16652730368, 'free': 17605292032}}
2025-02-16 05:17 - INFO - key: cpu_usage
2025-02-16 05:17 - INFO - value={'total': 34258022400, 'available': 17605292032, 'percent': 48.6, 'used': 16652730368, 'free': 17605292032}
2025-02-16 05:17 - INFO - Solicitud recibida: disk_usage
2025-02-16 05:17 - INFO - Data disk measure: {'disk_capacity': {'total': 930.79, 'used': 157.02, 'free': 773.77, 'percent': 16.9}}
2025-02-16 05:17 - INFO - Data cpu measure: {'usage_total': 5.5, 'usage_per_core': [4.7, 6.2, 9.4, 4.7, 6.2, 20.3, 1.6, 0.0, 1.6, 6.2, 3.1, 1.6]}
2025-02-16 05:17 - INFO - Data memory measure: {'total': 34258022400, 'available': 17607802880, 'percent': 48.6, 'used': 16650219520, 'free': 17607802880}
2025-02-16 05:17 - INFO - Encolando evento: {'cpu_usage': {'usage_total': 5.5, 'usage_per_core': [4.7, 6.2, 9.4, 4.7, 6.2, 20.3, 1.6, 0.0, 1.6, 6.2, 3.1, 1.6]}}
2025-02-16 05:17 - INFO - Encolando evento: {'memory_usage': {'total': 34258022400, 'available': 17607802880, 'percent': 48.6, 'used': 16650219520, 'free': 17607802880}}
2025-02-16 05:17 - INFO - key: cpu_usage
2025-02-16 05:17 - INFO - key: memory_usage
2025-02-16 05:17 - INFO - value={'usage_total': 5.5, 'usage_per_core': [4.7, 6.2, 9.4, 4.7, 6.2, 20.3, 1.6, 0.0, 1.6, 6.2, 3.1, 1.6]}
2025-02-16 05:17 - INFO - value={'total': 34258022400, 'available': 17607802880, 'percent': 48.6, 'used': 16650219520, 'free': 17607802880}
2025-02-16 05:17 - INFO - Encolando evento: {'cpu_usage': {'total': 34258022400, 'available': 17607802880, 'percent': 48.6, 'used': 16650219520, 'free': 17607802880}}
2025-02-16 05:17 - INFO - key: cpu_usage
2025-02-16 05:17 - INFO - value={'total': 34258022400, 'available': 17607802880, 'percent': 48.6, 'used': 16650219520, 'free': 17607802880}
2025-02-16 05:17 - INFO - Solicitud recibida: disk_usage
2025-02-16 05:17 - INFO - Data disk measure: {'disk_capacity': {'total': 930.79, 'used': 157.02, 'free': 773.77, 'percent': 16.9}}
2025-02-16 05:17 - INFO - Data cpu measure: {'usage_total': 6.3, 'usage_per_core': [7.5, 3.1, 4.6, 6.2, 3.1, 7.7, 3.1, 4.6, 7.7, 21.5, 3.1, 3.1]}
2025-02-16 05:17 - INFO - Data memory measure: {'total': 34258022400, 'available': 17610620928, 'percent': 48.6, 'used': 16647401472, 'free': 17610620928}
2025-02-16 05:17 - INFO - Encolando evento: {'cpu_usage': {'usage_total': 6.3, 'usage_per_core': [7.5, 3.1, 4.6, 6.2, 3.1, 7.7, 3.1, 4.6, 7.7, 21.5, 3.1, 3.1]}}
2025-02-16 05:17 - INFO - Encolando evento: {'memory_usage': {'total': 34258022400, 'available': 17610620928, 'percent': 48.6, 'used': 16647401472, 'free': 17610620928}}
2025-02-16 05:17 - INFO - key: cpu_usage
2025-02-16 05:17 - INFO - key: memory_usage
2025-02-16 05:17 - INFO - value={'usage_total': 6.3, 'usage_per_core': [7.5, 3.1, 4.6, 6.2, 3.1, 7.7, 3.1, 4.6, 7.7, 21.5, 3.1, 3.1]}
2025-02-16 05:17 - INFO - value={'total': 34258022400, 'available': 17610620928, 'percent': 48.6, 'used': 16647401472, 'free': 17610620928}
2025-02-16 05:17 - INFO - Encolando evento: {'cpu_usage': {'total': 34258022400, 'available': 17610620928, 'percent': 48.6, 'used': 16647401472, 'free': 17610620928}}
2025-02-16 05:17 - INFO - key: cpu_usage
2025-02-16 05:17 - INFO - value={'total': 34258022400, 'available': 17610620928, 'percent': 48.6, 'used': 16647401472, 'free': 17610620928}
2025-02-16 05:17 - INFO - Solicitud recibida: disk_usage
2025-02-16 05:17 - INFO - Data disk measure: {'disk_capacity': {'total': 930.79, 'used': 157.02, 'free': 773.77, 'percent': 16.9}}
2025-02-16 05:17 - INFO - Data memory measure: {'total': 34258022400, 'available': 17614147584, 'percent': 48.6, 'used': 16643874816, 'free': 17614147584}
2025-02-16 05:17 - INFO - Data cpu measure: {'usage_total': 4.9, 'usage_per_core': [3.1, 1.5, 7.7, 4.6, 3.1, 10.8, 0.0, 0.0, 12.3, 9.1, 4.5, 1.5]}
2025-02-16 05:17 - INFO - Encolando evento: {'memory_usage': {'total': 34258022400, 'available': 17614147584, 'percent': 48.6, 'used': 16643874816, 'free': 17614147584}}
2025-02-16 05:17 - INFO - Encolando evento: {'cpu_usage': {'usage_total': 4.9, 'usage_per_core': [3.1, 1.5, 7.7, 4.6, 3.1, 10.8, 0.0, 0.0, 12.3, 9.1, 4.5, 1.5]}}
2025-02-16 05:17 - INFO - key: memory_usage
2025-02-16 05:17 - INFO - key: cpu_usage
2025-02-16 05:17 - INFO - value={'total': 34258022400, 'available': 17614147584, 'percent': 48.6, 'used': 16643874816, 'free': 17614147584}
2025-02-16 05:17 - INFO - value={'usage_total': 4.9, 'usage_per_core': [3.1, 1.5, 7.7, 4.6, 3.1, 10.8, 0.0, 0.0, 12.3, 9.1, 4.5, 1.5]}
2025-02-16 05:17 - INFO - Encolando evento: {'cpu_usage': {'total': 34258022400, 'available': 17614147584, 'percent': 48.6, 'used': 16643874816, 'free': 17614147584}}
2025-02-16 05:17 - INFO - key: cpu_usage
2025-02-16 05:17 - INFO - value={'total': 34258022400, 'available': 17614147584, 'percent': 48.6, 'used': 16643874816, 'free': 17614147584}
2025-02-16 05:17 - INFO - Solicitud recibida: disk_usage
2025-02-16 05:17 - INFO - Data disk measure: {'disk_capacity': {'total': 930.79, 'used': 157.02, 'free': 773.77, 'percent': 16.9}}
2025-02-16 05:17 - INFO - Data cpu measure: {'usage_total': 8.4, 'usage_per_core': [9.2, 10.8, 15.6, 6.2, 4.7, 14.1, 4.7, 4.7, 14.1, 4.7, 7.8, 4.7]}
2025-02-16 05:17 - INFO - Data memory measure: {'total': 34258022400, 'available': 17615196160, 'percent': 48.6, 'used': 16642826240, 'free': 17615196160}
2025-02-16 05:17 - INFO - Encolando evento: {'cpu_usage': {'usage_total': 8.4, 'usage_per_core': [9.2, 10.8, 15.6, 6.2, 4.7, 14.1, 4.7, 4.7, 14.1, 4.7, 7.8, 4.7]}}
2025-02-16 05:17 - INFO - Encolando evento: {'memory_usage': {'total': 34258022400, 'available': 17615196160, 'percent': 48.6, 'used': 16642826240, 'free': 17615196160}}
2025-02-16 05:17 - INFO - key: cpu_usage
2025-02-16 05:17 - INFO - key: memory_usage
2025-02-16 05:17 - INFO - value={'usage_total': 8.4, 'usage_per_core': [9.2, 10.8, 15.6, 6.2, 4.7, 14.1, 4.7, 4.7, 14.1, 4.7, 7.8, 4.7]}
2025-02-16 05:17 - INFO - value={'total': 34258022400, 'available': 17615196160, 'percent': 48.6, 'used': 16642826240, 'free': 17615196160}
2025-02-16 05:17 - INFO - Encolando evento: {'cpu_usage': {'total': 34258022400, 'available': 17615196160, 'percent': 48.6, 'used': 16642826240, 'free': 17615196160}}
2025-02-16 05:17 - INFO - key: cpu_usage
2025-02-16 05:17 - INFO - value={'total': 34258022400, 'available': 17615196160, 'percent': 48.6, 'used': 16642826240, 'free': 17615196160}
2025-02-16 05:17 - INFO - Solicitud recibida: disk_usage
2025-02-16 05:17 - INFO - Data disk measure: {'disk_capacity': {'total': 930.79, 'used': 157.02, 'free': 773.77, 'percent': 16.9}}
2025-02-16 05:17 - INFO - Data cpu measure: {'usage_total': 4.5, 'usage_per_core': [3.1, 1.5, 1.5, 6.2, 12.3, 7.6, 0.0, 1.6, 10.8, 9.2, 0.0, 0.0]}
2025-02-16 05:17 - INFO - Data memory measure: {'total': 34258022400, 'available': 17598353408, 'percent': 48.6, 'used': 16659668992, 'free': 17598353408}
2025-02-16 05:17 - INFO - Encolando evento: {'cpu_usage': {'usage_total': 4.5, 'usage_per_core': [3.1, 1.5, 1.5, 6.2, 12.3, 7.6, 0.0, 1.6, 10.8, 9.2, 0.0, 0.0]}}
2025-02-16 05:17 - INFO - Encolando evento: {'memory_usage': {'total': 34258022400, 'available': 17598353408, 'percent': 48.6, 'used': 16659668992, 'free': 17598353408}}
2025-02-16 05:17 - INFO - key: cpu_usage
2025-02-16 05:17 - INFO - key: memory_usage
2025-02-16 05:17 - INFO - value={'usage_total': 4.5, 'usage_per_core': [3.1, 1.5, 1.5, 6.2, 12.3, 7.6, 0.0, 1.6, 10.8, 9.2, 0.0, 0.0]}
2025-02-16 05:17 - INFO - value={'total': 34258022400, 'available': 17598353408, 'percent': 48.6, 'used': 16659668992, 'free': 17598353408}
2025-02-16 05:17 - INFO - Encolando evento: {'cpu_usage': {'total': 34258022400, 'available': 17598353408, 'percent': 48.6, 'used': 16659668992, 'free': 17598353408}}
2025-02-16 05:17 - INFO - key: cpu_usage
2025-02-16 05:17 - INFO - value={'total': 34258022400, 'available': 17598353408, 'percent': 48.6, 'used': 16659668992, 'free': 17598353408}
2025-02-16 05:17 - INFO - Solicitud recibida: disk_usage
2025-02-16 05:17 - INFO - Data disk measure: {'disk_capacity': {'total': 930.79, 'used': 157.02, 'free': 773.77, 'percent': 16.9}}
2025-02-16 05:17 - INFO - Data memory measure: {'total': 34258022400, 'available': 17585647616, 'percent': 48.7, 'used': 16672374784, 'free': 17585647616}
2025-02-16 05:17 - INFO - Data cpu measure: {'usage_total': 2.9, 'usage_per_core': [1.5, 0.0, 4.6, 6.2, 1.5, 6.2, 0.0, 1.5, 4.6, 9.2, 0.0, 0.0]}
2025-02-16 05:17 - INFO - Encolando evento: {'memory_usage': {'total': 34258022400, 'available': 17585647616, 'percent': 48.7, 'used': 16672374784, 'free': 17585647616}}
2025-02-16 05:17 - INFO - Encolando evento: {'cpu_usage': {'usage_total': 2.9, 'usage_per_core': [1.5, 0.0, 4.6, 6.2, 1.5, 6.2, 0.0, 1.5, 4.6, 9.2, 0.0, 0.0]}}
2025-02-16 05:17 - INFO - key: memory_usage
2025-02-16 05:17 - INFO - key: cpu_usage
2025-02-16 05:17 - INFO - value={'total': 34258022400, 'available': 17585647616, 'percent': 48.7, 'used': 16672374784, 'free': 17585647616}
2025-02-16 05:17 - INFO - value={'usage_total': 2.9, 'usage_per_core': [1.5, 0.0, 4.6, 6.2, 1.5, 6.2, 0.0, 1.5, 4.6, 9.2, 0.0, 0.0]}
2025-02-16 05:17 - INFO - Encolando evento: {'cpu_usage': {'total': 34258022400, 'available': 17585647616, 'percent': 48.7, 'used': 16672374784, 'free': 17585647616}}
2025-02-16 05:17 - INFO - key: cpu_usage
2025-02-16 05:17 - INFO - value={'total': 34258022400, 'available': 17585647616, 'percent': 48.7, 'used': 16672374784, 'free': 17585647616}
2025-02-16 05:17 - INFO - Solicitud recibida: disk_usage
2025-02-16 05:17 - INFO - Data disk measure: {'disk_capacity': {'total': 930.79, 'used': 157.02, 'free': 773.77, 'percent': 16.9}}
2025-02-16 05:17 - INFO - Data memory measure: {'total': 34258022400, 'available': 17589166080, 'percent': 48.7, 'used': 16668856320, 'free': 17589166080}
2025-02-16 05:17 - INFO - Data cpu measure: {'usage_total': 2.9, 'usage_per_core': [4.6, 0.0, 3.1, 3.1, 1.6, 9.4, 1.6, 1.6, 1.6, 7.7, 0.0, 0.0]}
2025-02-16 05:17 - INFO - Encolando evento: {'memory_usage': {'total': 34258022400, 'available': 17589166080, 'percent': 48.7, 'used': 16668856320, 'free': 17589166080}}
2025-02-16 05:17 - INFO - Encolando evento: {'cpu_usage': {'usage_total': 2.9, 'usage_per_core': [4.6, 0.0, 3.1, 3.1, 1.6, 9.4, 1.6, 1.6, 1.6, 7.7, 0.0, 0.0]}}
2025-02-16 05:17 - INFO - key: memory_usage
2025-02-16 05:17 - INFO - key: cpu_usage
2025-02-16 05:17 - INFO - value={'total': 34258022400, 'available': 17589166080, 'percent': 48.7, 'used': 16668856320, 'free': 17589166080}
2025-02-16 05:17 - INFO - value={'usage_total': 2.9, 'usage_per_core': [4.6, 0.0, 3.1, 3.1, 1.6, 9.4, 1.6, 1.6, 1.6, 7.7, 0.0, 0.0]}
2025-02-16 05:17 - INFO - Encolando evento: {'cpu_usage': {'total': 34258022400, 'available': 17589166080, 'percent': 48.7, 'used': 16668856320, 'free': 17589166080}}
2025-02-16 05:17 - INFO - key: cpu_usage
2025-02-16 05:17 - INFO - value={'total': 34258022400, 'available': 17589166080, 'percent': 48.7, 'used': 16668856320, 'free': 17589166080}
2025-02-16 05:17 - INFO - Solicitud recibida: disk_usage
2025-02-16 05:17 - INFO - Data disk measure: {'disk_capacity': {'total': 930.79, 'used': 157.02, 'free': 773.77, 'percent': 16.9}}
2025-02-16 05:17 - INFO - Data memory measure: {'total': 34258022400, 'available': 17598205952, 'percent': 48.6, 'used': 16659816448, 'free': 17598205952}
2025-02-16 05:17 - INFO - Data cpu measure: {'usage_total': 3.7, 'usage_per_core': [3.1, 3.0, 4.6, 4.6, 4.6, 9.2, 0.0, 1.5, 1.5, 9.1, 1.5, 1.5]}
2025-02-16 05:17 - INFO - Encolando evento: {'memory_usage': {'total': 34258022400, 'available': 17598205952, 'percent': 48.6, 'used': 16659816448, 'free': 17598205952}}
2025-02-16 05:17 - INFO - Encolando evento: {'cpu_usage': {'usage_total': 3.7, 'usage_per_core': [3.1, 3.0, 4.6, 4.6, 4.6, 9.2, 0.0, 1.5, 1.5, 9.1, 1.5, 1.5]}}
2025-02-16 05:17 - INFO - key: memory_usage
2025-02-16 05:17 - INFO - key: cpu_usage
2025-02-16 05:17 - INFO - value={'total': 34258022400, 'available': 17598205952, 'percent': 48.6, 'used': 16659816448, 'free': 17598205952}
2025-02-16 05:17 - INFO - value={'usage_total': 3.7, 'usage_per_core': [3.1, 3.0, 4.6, 4.6, 4.6, 9.2, 0.0, 1.5, 1.5, 9.1, 1.5, 1.5]}
2025-02-16 05:17 - INFO - Encolando evento: {'cpu_usage': {'total': 34258022400, 'available': 17598205952, 'percent': 48.6, 'used': 16659816448, 'free': 17598205952}}
2025-02-16 05:17 - INFO - key: cpu_usage
2025-02-16 05:17 - INFO - value={'total': 34258022400, 'available': 17598205952, 'percent': 48.6, 'used': 16659816448, 'free': 17598205952}
2025-02-16 05:17 - INFO - Solicitud recibida: disk_usage
2025-02-16 05:17 - INFO - Data disk measure: {'disk_capacity': {'total': 930.79, 'used': 157.02, 'free': 773.77, 'percent': 16.9}}
2025-02-16 05:17 - INFO - Data memory measure: {'total': 34258022400, 'available': 17599283200, 'percent': 48.6, 'used': 16658739200, 'free': 17599283200}
2025-02-16 05:17 - INFO - Data cpu measure: {'usage_total': 2.7, 'usage_per_core': [0.0, 0.0, 3.1, 0.0, 6.2, 3.1, 0.0, 1.5, 9.2, 9.2, 0.0, 0.0]}
2025-02-16 05:17 - INFO - Encolando evento: {'memory_usage': {'total': 34258022400, 'available': 17599283200, 'percent': 48.6, 'used': 16658739200, 'free': 17599283200}}
2025-02-16 05:17 - INFO - Encolando evento: {'cpu_usage': {'usage_total': 2.7, 'usage_per_core': [0.0, 0.0, 3.1, 0.0, 6.2, 3.1, 0.0, 1.5, 9.2, 9.2, 0.0, 0.0]}}
2025-02-16 05:17 - INFO - key: memory_usage
2025-02-16 05:17 - INFO - key: cpu_usage
2025-02-16 05:17 - INFO - value={'total': 34258022400, 'available': 17599283200, 'percent': 48.6, 'used': 16658739200, 'free': 17599283200}
2025-02-16 05:17 - INFO - value={'usage_total': 2.7, 'usage_per_core': [0.0, 0.0, 3.1, 0.0, 6.2, 3.1, 0.0, 1.5, 9.2, 9.2, 0.0, 0.0]}
2025-02-16 05:17 - INFO - Encolando evento: {'cpu_usage': {'total': 34258022400, 'available': 17599283200, 'percent': 48.6, 'used': 16658739200, 'free': 17599283200}}
2025-02-16 05:17 - INFO - key: cpu_usage
2025-02-16 05:17 - INFO - value={'total': 34258022400, 'available': 17599283200, 'percent': 48.6, 'used': 16658739200, 'free': 17599283200}
2025-02-16 05:17 - INFO - Solicitud recibida: disk_usage
2025-02-16 05:17 - INFO - Data disk measure: {'disk_capacity': {'total': 930.79, 'used': 157.02, 'free': 773.77, 'percent': 16.9}}
2025-02-16 05:17 - INFO - Data cpu measure: {'usage_total': 4.9, 'usage_per_core': [1.6, 1.6, 12.3, 3.1, 12.5, 10.9, 3.1, 0.0, 6.2, 7.8, 0.0, 0.0]}
2025-02-16 05:17 - INFO - Data memory measure: {'total': 34258022400, 'available': 17601904640, 'percent': 48.6, 'used': 16656117760, 'free': 17601904640}
2025-02-16 05:17 - INFO - Encolando evento: {'cpu_usage': {'usage_total': 4.9, 'usage_per_core': [1.6, 1.6, 12.3, 3.1, 12.5, 10.9, 3.1, 0.0, 6.2, 7.8, 0.0, 0.0]}}
2025-02-16 05:17 - INFO - Encolando evento: {'memory_usage': {'total': 34258022400, 'available': 17601904640, 'percent': 48.6, 'used': 16656117760, 'free': 17601904640}}
2025-02-16 05:17 - INFO - key: cpu_usage
2025-02-16 05:17 - INFO - key: memory_usage
2025-02-16 05:17 - INFO - value={'usage_total': 4.9, 'usage_per_core': [1.6, 1.6, 12.3, 3.1, 12.5, 10.9, 3.1, 0.0, 6.2, 7.8, 0.0, 0.0]}
2025-02-16 05:17 - INFO - value={'total': 34258022400, 'available': 17601904640, 'percent': 48.6, 'used': 16656117760, 'free': 17601904640}
2025-02-16 05:17 - INFO - Encolando evento: {'cpu_usage': {'total': 34258022400, 'available': 17601904640, 'percent': 48.6, 'used': 16656117760, 'free': 17601904640}}
2025-02-16 05:17 - INFO - key: cpu_usage
2025-02-16 05:17 - INFO - value={'total': 34258022400, 'available': 17601904640, 'percent': 48.6, 'used': 16656117760, 'free': 17601904640}
2025-02-16 05:17 - INFO - Solicitud recibida: disk_usage
2025-02-16 05:17 - INFO - Data disk measure: {'disk_capacity': {'total': 930.79, 'used': 157.02, 'free': 773.77, 'percent': 16.9}}
2025-02-16 05:17 - INFO - Data cpu measure: {'usage_total': 4.6, 'usage_per_core': [4.5, 3.1, 1.5, 4.6, 9.2, 4.6, 4.6, 1.5, 7.7, 12.1, 0.0, 1.5]}
2025-02-16 05:17 - INFO - Data memory measure: {'total': 34258022400, 'available': 17599905792, 'percent': 48.6, 'used': 16658116608, 'free': 17599905792}
2025-02-16 05:17 - INFO - Encolando evento: {'cpu_usage': {'usage_total': 4.6, 'usage_per_core': [4.5, 3.1, 1.5, 4.6, 9.2, 4.6, 4.6, 1.5, 7.7, 12.1, 0.0, 1.5]}}
2025-02-16 05:17 - INFO - Encolando evento: {'memory_usage': {'total': 34258022400, 'available': 17599905792, 'percent': 48.6, 'used': 16658116608, 'free': 17599905792}}
2025-02-16 05:17 - INFO - key: cpu_usage
2025-02-16 05:17 - INFO - key: memory_usage
2025-02-16 05:17 - INFO - value={'usage_total': 4.6, 'usage_per_core': [4.5, 3.1, 1.5, 4.6, 9.2, 4.6, 4.6, 1.5, 7.7, 12.1, 0.0, 1.5]}
2025-02-16 05:17 - INFO - value={'total': 34258022400, 'available': 17599905792, 'percent': 48.6, 'used': 16658116608, 'free': 17599905792}
2025-02-16 05:17 - INFO - Encolando evento: {'cpu_usage': {'total': 34258022400, 'available': 17599905792, 'percent': 48.6, 'used': 16658116608, 'free': 17599905792}}
2025-02-16 05:17 - INFO - key: cpu_usage
2025-02-16 05:17 - INFO - value={'total': 34258022400, 'available': 17599905792, 'percent': 48.6, 'used': 16658116608, 'free': 17599905792}
2025-02-16 05:17 - INFO - Programa finalizado de forma controlada.
2025-02-16 05:18 - INFO - Monitor de recursos inicializado.
2025-02-16 05:18 - INFO - Data cpu measure: {'usage_total': 0.0, 'usage_per_core': [0.0, 0.0, 0.0, 0.0, 0.0, 0.0, 0.0, 0.0, 0.0, 0.0, 0.0, 0.0]}
2025-02-16 05:18 - INFO - Encolando evento: {'cpu_usage': {'usage_total': 0.0, 'usage_per_core': [0.0, 0.0, 0.0, 0.0, 0.0, 0.0, 0.0, 0.0, 0.0, 0.0, 0.0, 0.0]}}
2025-02-16 05:18 - INFO - key: cpu_usage
2025-02-16 05:18 - INFO - Data memory measure: {'total': 34258022400, 'available': 17541103616, 'percent': 48.8, 'used': 16716918784, 'free': 17541103616}
2025-02-16 05:18 - INFO - value={'usage_total': 0.0, 'usage_per_core': [0.0, 0.0, 0.0, 0.0, 0.0, 0.0, 0.0, 0.0, 0.0, 0.0, 0.0, 0.0]}
2025-02-16 05:18 - INFO - Encolando evento: {'memory_usage': {'total': 34258022400, 'available': 17541103616, 'percent': 48.8, 'used': 16716918784, 'free': 17541103616}}
2025-02-16 05:18 - INFO - key: memory_usage
2025-02-16 05:18 - INFO - value={'total': 34258022400, 'available': 17541103616, 'percent': 48.8, 'used': 16716918784, 'free': 17541103616}
2025-02-16 05:18 - INFO - Encolando evento: {'cpu_usage': {'total': 34258022400, 'available': 17541103616, 'percent': 48.8, 'used': 16716918784, 'free': 17541103616}}
2025-02-16 05:18 - INFO - key: cpu_usage
2025-02-16 05:18 - INFO - value={'total': 34258022400, 'available': 17541103616, 'percent': 48.8, 'used': 16716918784, 'free': 17541103616}
2025-02-16 05:18 - INFO - Solicitud recibida: disk_usage
2025-02-16 05:18 - INFO - Data disk measure: {'disk_capacity': {'total': 930.79, 'used': 157.02, 'free': 773.77, 'percent': 16.9}}
2025-02-16 05:18 - INFO - Data memory measure: {'total': 34258022400, 'available': 17602101248, 'percent': 48.6, 'used': 16655921152, 'free': 17602101248}
2025-02-16 05:18 - INFO - Data cpu measure: {'usage_total': 13.0, 'usage_per_core': [9.4, 10.8, 3.1, 9.4, 6.2, 75.0, 3.1, 0.0, 12.3, 18.5, 3.1, 4.7]}
2025-02-16 05:18 - INFO - Encolando evento: {'memory_usage': {'total': 34258022400, 'available': 17602101248, 'percent': 48.6, 'used': 16655921152, 'free': 17602101248}}
2025-02-16 05:18 - INFO - Encolando evento: {'cpu_usage': {'usage_total': 13.0, 'usage_per_core': [9.4, 10.8, 3.1, 9.4, 6.2, 75.0, 3.1, 0.0, 12.3, 18.5, 3.1, 4.7]}}
2025-02-16 05:18 - INFO - key: memory_usage
2025-02-16 05:18 - INFO - key: cpu_usage
2025-02-16 05:18 - INFO - value={'total': 34258022400, 'available': 17602101248, 'percent': 48.6, 'used': 16655921152, 'free': 17602101248}
2025-02-16 05:18 - INFO - value={'usage_total': 13.0, 'usage_per_core': [9.4, 10.8, 3.1, 9.4, 6.2, 75.0, 3.1, 0.0, 12.3, 18.5, 3.1, 4.7]}
2025-02-16 05:18 - INFO - Encolando evento: {'cpu_usage': {'total': 34258022400, 'available': 17602101248, 'percent': 48.6, 'used': 16655921152, 'free': 17602101248}}
2025-02-16 05:18 - INFO - key: cpu_usage
2025-02-16 05:18 - INFO - value={'total': 34258022400, 'available': 17602101248, 'percent': 48.6, 'used': 16655921152, 'free': 17602101248}
2025-02-16 05:18 - INFO - Data cpu measure: {'usage_total': 3.1, 'usage_per_core': [4.5, 1.5, 1.5, 1.5, 4.6, 7.7, 1.5, 1.5, 6.1, 6.2, 0.0, 0.0]}
2025-02-16 05:18 - INFO - Data memory measure: {'total': 34258022400, 'available': 17606946816, 'percent': 48.6, 'used': 16651075584, 'free': 17606946816}
2025-02-16 05:18 - INFO - Encolando evento: {'cpu_usage': {'usage_total': 3.1, 'usage_per_core': [4.5, 1.5, 1.5, 1.5, 4.6, 7.7, 1.5, 1.5, 6.1, 6.2, 0.0, 0.0]}}
2025-02-16 05:18 - INFO - Encolando evento: {'memory_usage': {'total': 34258022400, 'available': 17606946816, 'percent': 48.6, 'used': 16651075584, 'free': 17606946816}}
2025-02-16 05:18 - INFO - key: cpu_usage
2025-02-16 05:18 - INFO - key: memory_usage
2025-02-16 05:18 - INFO - value={'usage_total': 3.1, 'usage_per_core': [4.5, 1.5, 1.5, 1.5, 4.6, 7.7, 1.5, 1.5, 6.1, 6.2, 0.0, 0.0]}
2025-02-16 05:18 - INFO - value={'total': 34258022400, 'available': 17606946816, 'percent': 48.6, 'used': 16651075584, 'free': 17606946816}
2025-02-16 05:18 - INFO - Encolando evento: {'cpu_usage': {'total': 34258022400, 'available': 17606946816, 'percent': 48.6, 'used': 16651075584, 'free': 17606946816}}
2025-02-16 05:18 - INFO - key: cpu_usage
2025-02-16 05:18 - INFO - value={'total': 34258022400, 'available': 17606946816, 'percent': 48.6, 'used': 16651075584, 'free': 17606946816}
2025-02-16 05:18 - INFO - Data cpu measure: {'usage_total': 8.3, 'usage_per_core': [4.6, 3.1, 4.6, 7.7, 41.5, 4.6, 1.6, 0.0, 21.5, 6.2, 3.1, 1.5]}
2025-02-16 05:18 - INFO - Data memory measure: {'total': 34258022400, 'available': 17595453440, 'percent': 48.6, 'used': 16662568960, 'free': 17595453440}
2025-02-16 05:18 - INFO - Encolando evento: {'cpu_usage': {'usage_total': 8.3, 'usage_per_core': [4.6, 3.1, 4.6, 7.7, 41.5, 4.6, 1.6, 0.0, 21.5, 6.2, 3.1, 1.5]}}
2025-02-16 05:18 - INFO - Encolando evento: {'memory_usage': {'total': 34258022400, 'available': 17595453440, 'percent': 48.6, 'used': 16662568960, 'free': 17595453440}}
2025-02-16 05:18 - INFO - key: cpu_usage
2025-02-16 05:18 - INFO - key: memory_usage
2025-02-16 05:18 - INFO - value={'usage_total': 8.3, 'usage_per_core': [4.6, 3.1, 4.6, 7.7, 41.5, 4.6, 1.6, 0.0, 21.5, 6.2, 3.1, 1.5]}
2025-02-16 05:18 - INFO - value={'total': 34258022400, 'available': 17595453440, 'percent': 48.6, 'used': 16662568960, 'free': 17595453440}
2025-02-16 05:18 - INFO - Encolando evento: {'cpu_usage': {'total': 34258022400, 'available': 17595453440, 'percent': 48.6, 'used': 16662568960, 'free': 17595453440}}
2025-02-16 05:18 - INFO - key: cpu_usage
2025-02-16 05:18 - INFO - value={'total': 34258022400, 'available': 17595453440, 'percent': 48.6, 'used': 16662568960, 'free': 17595453440}
2025-02-16 05:18 - INFO - Data cpu measure: {'usage_total': 4.4, 'usage_per_core': [1.5, 1.5, 4.6, 3.1, 15.4, 7.7, 0.0, 3.1, 3.1, 9.1, 1.6, 1.6]}
2025-02-16 05:18 - INFO - Data memory measure: {'total': 34258022400, 'available': 17614733312, 'percent': 48.6, 'used': 16643289088, 'free': 17614733312}
2025-02-16 05:18 - INFO - Encolando evento: {'cpu_usage': {'usage_total': 4.4, 'usage_per_core': [1.5, 1.5, 4.6, 3.1, 15.4, 7.7, 0.0, 3.1, 3.1, 9.1, 1.6, 1.6]}}
2025-02-16 05:18 - INFO - Encolando evento: {'memory_usage': {'total': 34258022400, 'available': 17614733312, 'percent': 48.6, 'used': 16643289088, 'free': 17614733312}}
2025-02-16 05:18 - INFO - key: cpu_usage
2025-02-16 05:18 - INFO - key: memory_usage
2025-02-16 05:18 - INFO - value={'usage_total': 4.4, 'usage_per_core': [1.5, 1.5, 4.6, 3.1, 15.4, 7.7, 0.0, 3.1, 3.1, 9.1, 1.6, 1.6]}
2025-02-16 05:18 - INFO - value={'total': 34258022400, 'available': 17614733312, 'percent': 48.6, 'used': 16643289088, 'free': 17614733312}
2025-02-16 05:18 - INFO - Encolando evento: {'cpu_usage': {'total': 34258022400, 'available': 17614733312, 'percent': 48.6, 'used': 16643289088, 'free': 17614733312}}
2025-02-16 05:18 - INFO - key: cpu_usage
2025-02-16 05:18 - INFO - value={'total': 34258022400, 'available': 17614733312, 'percent': 48.6, 'used': 16643289088, 'free': 17614733312}
2025-02-16 05:18 - INFO - Data cpu measure: {'usage_total': 5.8, 'usage_per_core': [6.0, 1.5, 6.2, 4.6, 7.7, 10.8, 4.5, 3.0, 16.7, 9.1, 0.0, 0.0]}
2025-02-16 05:18 - INFO - Data memory measure: {'total': 34258022400, 'available': 17615474688, 'percent': 48.6, 'used': 16642547712, 'free': 17615474688}
2025-02-16 05:18 - INFO - Encolando evento: {'cpu_usage': {'usage_total': 5.8, 'usage_per_core': [6.0, 1.5, 6.2, 4.6, 7.7, 10.8, 4.5, 3.0, 16.7, 9.1, 0.0, 0.0]}}
2025-02-16 05:18 - INFO - Encolando evento: {'memory_usage': {'total': 34258022400, 'available': 17615474688, 'percent': 48.6, 'used': 16642547712, 'free': 17615474688}}
2025-02-16 05:18 - INFO - key: cpu_usage
2025-02-16 05:18 - INFO - key: memory_usage
2025-02-16 05:18 - INFO - value={'usage_total': 5.8, 'usage_per_core': [6.0, 1.5, 6.2, 4.6, 7.7, 10.8, 4.5, 3.0, 16.7, 9.1, 0.0, 0.0]}
2025-02-16 05:18 - INFO - value={'total': 34258022400, 'available': 17615474688, 'percent': 48.6, 'used': 16642547712, 'free': 17615474688}
2025-02-16 05:18 - INFO - Encolando evento: {'cpu_usage': {'total': 34258022400, 'available': 17615474688, 'percent': 48.6, 'used': 16642547712, 'free': 17615474688}}
2025-02-16 05:18 - INFO - key: cpu_usage
2025-02-16 05:18 - INFO - value={'total': 34258022400, 'available': 17615474688, 'percent': 48.6, 'used': 16642547712, 'free': 17615474688}
2025-02-16 05:18 - INFO - Data memory measure: {'total': 34258022400, 'available': 17612083200, 'percent': 48.6, 'used': 16645939200, 'free': 17612083200}
2025-02-16 05:18 - INFO - Data cpu measure: {'usage_total': 5.1, 'usage_per_core': [4.6, 3.1, 4.5, 4.6, 12.3, 6.2, 4.6, 3.1, 6.2, 7.5, 1.5, 3.1]}
2025-02-16 05:18 - INFO - Encolando evento: {'memory_usage': {'total': 34258022400, 'available': 17612083200, 'percent': 48.6, 'used': 16645939200, 'free': 17612083200}}
2025-02-16 05:18 - INFO - Encolando evento: {'cpu_usage': {'usage_total': 5.1, 'usage_per_core': [4.6, 3.1, 4.5, 4.6, 12.3, 6.2, 4.6, 3.1, 6.2, 7.5, 1.5, 3.1]}}
2025-02-16 05:18 - INFO - key: memory_usage
2025-02-16 05:18 - INFO - key: cpu_usage
2025-02-16 05:18 - INFO - value={'total': 34258022400, 'available': 17612083200, 'percent': 48.6, 'used': 16645939200, 'free': 17612083200}
2025-02-16 05:18 - INFO - value={'usage_total': 5.1, 'usage_per_core': [4.6, 3.1, 4.5, 4.6, 12.3, 6.2, 4.6, 3.1, 6.2, 7.5, 1.5, 3.1]}
2025-02-16 05:18 - INFO - Encolando evento: {'cpu_usage': {'total': 34258022400, 'available': 17612083200, 'percent': 48.6, 'used': 16645939200, 'free': 17612083200}}
2025-02-16 05:18 - INFO - key: cpu_usage
2025-02-16 05:18 - INFO - value={'total': 34258022400, 'available': 17612083200, 'percent': 48.6, 'used': 16645939200, 'free': 17612083200}
2025-02-16 05:18 - INFO - Data memory measure: {'total': 34258022400, 'available': 17608105984, 'percent': 48.6, 'used': 16649916416, 'free': 17608105984}
2025-02-16 05:18 - INFO - Data cpu measure: {'usage_total': 3.2, 'usage_per_core': [3.1, 1.6, 1.6, 1.6, 7.8, 7.7, 1.5, 1.5, 7.7, 3.1, 1.6, 0.0]}
2025-02-16 05:18 - INFO - Encolando evento: {'memory_usage': {'total': 34258022400, 'available': 17608105984, 'percent': 48.6, 'used': 16649916416, 'free': 17608105984}}
2025-02-16 05:18 - INFO - Encolando evento: {'cpu_usage': {'usage_total': 3.2, 'usage_per_core': [3.1, 1.6, 1.6, 1.6, 7.8, 7.7, 1.5, 1.5, 7.7, 3.1, 1.6, 0.0]}}
2025-02-16 05:18 - INFO - key: memory_usage
2025-02-16 05:18 - INFO - key: cpu_usage
2025-02-16 05:18 - INFO - value={'total': 34258022400, 'available': 17608105984, 'percent': 48.6, 'used': 16649916416, 'free': 17608105984}
2025-02-16 05:18 - INFO - value={'usage_total': 3.2, 'usage_per_core': [3.1, 1.6, 1.6, 1.6, 7.8, 7.7, 1.5, 1.5, 7.7, 3.1, 1.6, 0.0]}
2025-02-16 05:18 - INFO - Encolando evento: {'cpu_usage': {'total': 34258022400, 'available': 17608105984, 'percent': 48.6, 'used': 16649916416, 'free': 17608105984}}
2025-02-16 05:18 - INFO - key: cpu_usage
2025-02-16 05:18 - INFO - value={'total': 34258022400, 'available': 17608105984, 'percent': 48.6, 'used': 16649916416, 'free': 17608105984}
2025-02-16 05:18 - INFO - Data memory measure: {'total': 34258022400, 'available': 17596411904, 'percent': 48.6, 'used': 16661610496, 'free': 17596411904}
2025-02-16 05:18 - INFO - Data cpu measure: {'usage_total': 7.1, 'usage_per_core': [9.0, 4.5, 10.8, 6.2, 12.3, 12.1, 1.5, 0.0, 12.1, 4.5, 4.6, 7.7]}
2025-02-16 05:18 - INFO - Encolando evento: {'memory_usage': {'total': 34258022400, 'available': 17596411904, 'percent': 48.6, 'used': 16661610496, 'free': 17596411904}}
2025-02-16 05:18 - INFO - Encolando evento: {'cpu_usage': {'usage_total': 7.1, 'usage_per_core': [9.0, 4.5, 10.8, 6.2, 12.3, 12.1, 1.5, 0.0, 12.1, 4.5, 4.6, 7.7]}}
2025-02-16 05:18 - INFO - key: memory_usage
2025-02-16 05:18 - INFO - key: cpu_usage
2025-02-16 05:18 - INFO - value={'total': 34258022400, 'available': 17596411904, 'percent': 48.6, 'used': 16661610496, 'free': 17596411904}
2025-02-16 05:18 - INFO - value={'usage_total': 7.1, 'usage_per_core': [9.0, 4.5, 10.8, 6.2, 12.3, 12.1, 1.5, 0.0, 12.1, 4.5, 4.6, 7.7]}
2025-02-16 05:18 - INFO - Encolando evento: {'cpu_usage': {'total': 34258022400, 'available': 17596411904, 'percent': 48.6, 'used': 16661610496, 'free': 17596411904}}
2025-02-16 05:18 - INFO - key: cpu_usage
2025-02-16 05:18 - INFO - value={'total': 34258022400, 'available': 17596411904, 'percent': 48.6, 'used': 16661610496, 'free': 17596411904}
2025-02-16 05:18 - INFO - Data memory measure: {'total': 34258022400, 'available': 17530458112, 'percent': 48.8, 'used': 16727564288, 'free': 17530458112}
2025-02-16 05:18 - INFO - Data cpu measure: {'usage_total': 10.6, 'usage_per_core': [11.9, 7.7, 7.7, 6.2, 13.8, 15.6, 1.5, 3.1, 32.3, 18.5, 4.6, 4.6]}
2025-02-16 05:18 - INFO - Encolando evento: {'memory_usage': {'total': 34258022400, 'available': 17530458112, 'percent': 48.8, 'used': 16727564288, 'free': 17530458112}}
2025-02-16 05:18 - INFO - Encolando evento: {'cpu_usage': {'usage_total': 10.6, 'usage_per_core': [11.9, 7.7, 7.7, 6.2, 13.8, 15.6, 1.5, 3.1, 32.3, 18.5, 4.6, 4.6]}}
2025-02-16 05:18 - INFO - key: memory_usage
2025-02-16 05:18 - INFO - key: cpu_usage
2025-02-16 05:18 - INFO - value={'total': 34258022400, 'available': 17530458112, 'percent': 48.8, 'used': 16727564288, 'free': 17530458112}
2025-02-16 05:18 - INFO - value={'usage_total': 10.6, 'usage_per_core': [11.9, 7.7, 7.7, 6.2, 13.8, 15.6, 1.5, 3.1, 32.3, 18.5, 4.6, 4.6]}
2025-02-16 05:18 - INFO - Encolando evento: {'cpu_usage': {'total': 34258022400, 'available': 17530458112, 'percent': 48.8, 'used': 16727564288, 'free': 17530458112}}
2025-02-16 05:18 - INFO - key: cpu_usage
2025-02-16 05:18 - INFO - value={'total': 34258022400, 'available': 17530458112, 'percent': 48.8, 'used': 16727564288, 'free': 17530458112}
2025-02-16 05:18 - INFO - Data cpu measure: {'usage_total': 2.2, 'usage_per_core': [3.0, 0.0, 1.5, 0.0, 6.2, 3.1, 1.6, 1.5, 3.1, 6.2, 0.0, 0.0]}
2025-02-16 05:18 - INFO - Data memory measure: {'total': 34258022400, 'available': 17540898816, 'percent': 48.8, 'used': 16717123584, 'free': 17540898816}
2025-02-16 05:18 - INFO - Encolando evento: {'cpu_usage': {'usage_total': 2.2, 'usage_per_core': [3.0, 0.0, 1.5, 0.0, 6.2, 3.1, 1.6, 1.5, 3.1, 6.2, 0.0, 0.0]}}
2025-02-16 05:18 - INFO - Encolando evento: {'memory_usage': {'total': 34258022400, 'available': 17540898816, 'percent': 48.8, 'used': 16717123584, 'free': 17540898816}}
2025-02-16 05:18 - INFO - key: cpu_usage
2025-02-16 05:18 - INFO - key: memory_usage
2025-02-16 05:18 - INFO - value={'usage_total': 2.2, 'usage_per_core': [3.0, 0.0, 1.5, 0.0, 6.2, 3.1, 1.6, 1.5, 3.1, 6.2, 0.0, 0.0]}
2025-02-16 05:18 - INFO - value={'total': 34258022400, 'available': 17540898816, 'percent': 48.8, 'used': 16717123584, 'free': 17540898816}
2025-02-16 05:18 - INFO - Encolando evento: {'cpu_usage': {'total': 34258022400, 'available': 17540898816, 'percent': 48.8, 'used': 16717123584, 'free': 17540898816}}
2025-02-16 05:18 - INFO - key: cpu_usage
2025-02-16 05:18 - INFO - value={'total': 34258022400, 'available': 17540898816, 'percent': 48.8, 'used': 16717123584, 'free': 17540898816}
2025-02-16 05:18 - INFO - Data memory measure: {'total': 34258022400, 'available': 17522802688, 'percent': 48.9, 'used': 16735219712, 'free': 17522802688}
2025-02-16 05:18 - INFO - Data cpu measure: {'usage_total': 5.6, 'usage_per_core': [3.1, 0.0, 3.1, 1.5, 10.8, 10.8, 1.5, 6.1, 18.5, 12.1, 0.0, 0.0]}
2025-02-16 05:18 - INFO - Encolando evento: {'memory_usage': {'total': 34258022400, 'available': 17522802688, 'percent': 48.9, 'used': 16735219712, 'free': 17522802688}}
2025-02-16 05:18 - INFO - Encolando evento: {'cpu_usage': {'usage_total': 5.6, 'usage_per_core': [3.1, 0.0, 3.1, 1.5, 10.8, 10.8, 1.5, 6.1, 18.5, 12.1, 0.0, 0.0]}}
2025-02-16 05:18 - INFO - key: memory_usage
2025-02-16 05:18 - INFO - key: cpu_usage
2025-02-16 05:18 - INFO - value={'total': 34258022400, 'available': 17522802688, 'percent': 48.9, 'used': 16735219712, 'free': 17522802688}
2025-02-16 05:18 - INFO - value={'usage_total': 5.6, 'usage_per_core': [3.1, 0.0, 3.1, 1.5, 10.8, 10.8, 1.5, 6.1, 18.5, 12.1, 0.0, 0.0]}
2025-02-16 05:18 - INFO - Encolando evento: {'cpu_usage': {'total': 34258022400, 'available': 17522802688, 'percent': 48.9, 'used': 16735219712, 'free': 17522802688}}
2025-02-16 05:18 - INFO - key: cpu_usage
2025-02-16 05:18 - INFO - value={'total': 34258022400, 'available': 17522802688, 'percent': 48.9, 'used': 16735219712, 'free': 17522802688}
2025-02-16 05:18 - INFO - Data memory measure: {'total': 34258022400, 'available': 17530867712, 'percent': 48.8, 'used': 16727154688, 'free': 17530867712}
2025-02-16 05:18 - INFO - Data cpu measure: {'usage_total': 2.7, 'usage_per_core': [3.1, 1.5, 1.5, 0.0, 4.6, 3.1, 1.5, 1.5, 7.7, 6.2, 1.5, 0.0]}
2025-02-16 05:18 - INFO - Encolando evento: {'memory_usage': {'total': 34258022400, 'available': 17530867712, 'percent': 48.8, 'used': 16727154688, 'free': 17530867712}}
2025-02-16 05:18 - INFO - Encolando evento: {'cpu_usage': {'usage_total': 2.7, 'usage_per_core': [3.1, 1.5, 1.5, 0.0, 4.6, 3.1, 1.5, 1.5, 7.7, 6.2, 1.5, 0.0]}}
2025-02-16 05:18 - INFO - key: memory_usage
2025-02-16 05:18 - INFO - key: cpu_usage
2025-02-16 05:18 - INFO - value={'total': 34258022400, 'available': 17530867712, 'percent': 48.8, 'used': 16727154688, 'free': 17530867712}
2025-02-16 05:18 - INFO - value={'usage_total': 2.7, 'usage_per_core': [3.1, 1.5, 1.5, 0.0, 4.6, 3.1, 1.5, 1.5, 7.7, 6.2, 1.5, 0.0]}
2025-02-16 05:18 - INFO - Encolando evento: {'cpu_usage': {'total': 34258022400, 'available': 17530867712, 'percent': 48.8, 'used': 16727154688, 'free': 17530867712}}
2025-02-16 05:18 - INFO - key: cpu_usage
2025-02-16 05:18 - INFO - value={'total': 34258022400, 'available': 17530867712, 'percent': 48.8, 'used': 16727154688, 'free': 17530867712}
2025-02-16 05:18 - INFO - Data memory measure: {'total': 34258022400, 'available': 17529528320, 'percent': 48.8, 'used': 16728494080, 'free': 17529528320}
2025-02-16 05:18 - INFO - Data cpu measure: {'usage_total': 2.3, 'usage_per_core': [3.1, 0.0, 3.1, 3.1, 4.6, 1.5, 1.5, 0.0, 6.2, 4.6, 0.0, 0.0]}
2025-02-16 05:18 - INFO - Encolando evento: {'memory_usage': {'total': 34258022400, 'available': 17529528320, 'percent': 48.8, 'used': 16728494080, 'free': 17529528320}}
2025-02-16 05:18 - INFO - Encolando evento: {'cpu_usage': {'usage_total': 2.3, 'usage_per_core': [3.1, 0.0, 3.1, 3.1, 4.6, 1.5, 1.5, 0.0, 6.2, 4.6, 0.0, 0.0]}}
2025-02-16 05:18 - INFO - key: memory_usage
2025-02-16 05:18 - INFO - key: cpu_usage
2025-02-16 05:18 - INFO - value={'total': 34258022400, 'available': 17529528320, 'percent': 48.8, 'used': 16728494080, 'free': 17529528320}
2025-02-16 05:18 - INFO - value={'usage_total': 2.3, 'usage_per_core': [3.1, 0.0, 3.1, 3.1, 4.6, 1.5, 1.5, 0.0, 6.2, 4.6, 0.0, 0.0]}
2025-02-16 05:18 - INFO - Encolando evento: {'cpu_usage': {'total': 34258022400, 'available': 17529528320, 'percent': 48.8, 'used': 16728494080, 'free': 17529528320}}
2025-02-16 05:18 - INFO - key: cpu_usage
2025-02-16 05:18 - INFO - value={'total': 34258022400, 'available': 17529528320, 'percent': 48.8, 'used': 16728494080, 'free': 17529528320}
2025-02-16 05:18 - INFO - Data memory measure: {'total': 34258022400, 'available': 17505599488, 'percent': 48.9, 'used': 16752422912, 'free': 17505599488}
2025-02-16 05:18 - INFO - Data cpu measure: {'usage_total': 16.0, 'usage_per_core': [14.9, 9.2, 13.8, 20.0, 13.8, 26.2, 7.7, 9.2, 41.5, 22.7, 6.2, 6.2]}
2025-02-16 05:18 - INFO - Encolando evento: {'memory_usage': {'total': 34258022400, 'available': 17505599488, 'percent': 48.9, 'used': 16752422912, 'free': 17505599488}}
2025-02-16 05:18 - INFO - Encolando evento: {'cpu_usage': {'usage_total': 16.0, 'usage_per_core': [14.9, 9.2, 13.8, 20.0, 13.8, 26.2, 7.7, 9.2, 41.5, 22.7, 6.2, 6.2]}}
2025-02-16 05:18 - INFO - key: memory_usage
2025-02-16 05:18 - INFO - key: cpu_usage
2025-02-16 05:18 - INFO - value={'total': 34258022400, 'available': 17505599488, 'percent': 48.9, 'used': 16752422912, 'free': 17505599488}
2025-02-16 05:18 - INFO - value={'usage_total': 16.0, 'usage_per_core': [14.9, 9.2, 13.8, 20.0, 13.8, 26.2, 7.7, 9.2, 41.5, 22.7, 6.2, 6.2]}
2025-02-16 05:18 - INFO - Encolando evento: {'cpu_usage': {'total': 34258022400, 'available': 17505599488, 'percent': 48.9, 'used': 16752422912, 'free': 17505599488}}
2025-02-16 05:18 - INFO - key: cpu_usage
2025-02-16 05:18 - INFO - value={'total': 34258022400, 'available': 17505599488, 'percent': 48.9, 'used': 16752422912, 'free': 17505599488}
2025-02-16 05:18 - INFO - Data memory measure: {'total': 34258022400, 'available': 17472552960, 'percent': 49.0, 'used': 16785469440, 'free': 17472552960}
2025-02-16 05:18 - INFO - Data cpu measure: {'usage_total': 6.8, 'usage_per_core': [6.1, 6.1, 3.1, 7.7, 9.2, 9.2, 3.1, 4.6, 20.0, 6.1, 3.1, 3.1]}
2025-02-16 05:18 - INFO - Encolando evento: {'memory_usage': {'total': 34258022400, 'available': 17472552960, 'percent': 49.0, 'used': 16785469440, 'free': 17472552960}}
2025-02-16 05:18 - INFO - Encolando evento: {'cpu_usage': {'usage_total': 6.8, 'usage_per_core': [6.1, 6.1, 3.1, 7.7, 9.2, 9.2, 3.1, 4.6, 20.0, 6.1, 3.1, 3.1]}}
2025-02-16 05:18 - INFO - key: memory_usage
2025-02-16 05:18 - INFO - key: cpu_usage
2025-02-16 05:18 - INFO - value={'total': 34258022400, 'available': 17472552960, 'percent': 49.0, 'used': 16785469440, 'free': 17472552960}
2025-02-16 05:18 - INFO - value={'usage_total': 6.8, 'usage_per_core': [6.1, 6.1, 3.1, 7.7, 9.2, 9.2, 3.1, 4.6, 20.0, 6.1, 3.1, 3.1]}
2025-02-16 05:18 - INFO - Encolando evento: {'cpu_usage': {'total': 34258022400, 'available': 17472552960, 'percent': 49.0, 'used': 16785469440, 'free': 17472552960}}
2025-02-16 05:18 - INFO - key: cpu_usage
2025-02-16 05:18 - INFO - value={'total': 34258022400, 'available': 17472552960, 'percent': 49.0, 'used': 16785469440, 'free': 17472552960}
2025-02-16 05:18 - INFO - Data memory measure: {'total': 34258022400, 'available': 17455271936, 'percent': 49.0, 'used': 16802750464, 'free': 17455271936}
2025-02-16 05:18 - INFO - Data cpu measure: {'usage_total': 16.6, 'usage_per_core': [20.9, 4.6, 6.2, 21.5, 24.2, 21.5, 9.2, 6.2, 48.5, 15.4, 12.3, 7.7]}
2025-02-16 05:18 - INFO - Encolando evento: {'memory_usage': {'total': 34258022400, 'available': 17455271936, 'percent': 49.0, 'used': 16802750464, 'free': 17455271936}}
2025-02-16 05:18 - INFO - Encolando evento: {'cpu_usage': {'usage_total': 16.6, 'usage_per_core': [20.9, 4.6, 6.2, 21.5, 24.2, 21.5, 9.2, 6.2, 48.5, 15.4, 12.3, 7.7]}}
2025-02-16 05:18 - INFO - key: memory_usage
2025-02-16 05:18 - INFO - key: cpu_usage
2025-02-16 05:18 - INFO - value={'total': 34258022400, 'available': 17455271936, 'percent': 49.0, 'used': 16802750464, 'free': 17455271936}
2025-02-16 05:18 - INFO - value={'usage_total': 16.6, 'usage_per_core': [20.9, 4.6, 6.2, 21.5, 24.2, 21.5, 9.2, 6.2, 48.5, 15.4, 12.3, 7.7]}
2025-02-16 05:18 - INFO - Encolando evento: {'cpu_usage': {'total': 34258022400, 'available': 17455271936, 'percent': 49.0, 'used': 16802750464, 'free': 17455271936}}
2025-02-16 05:18 - INFO - key: cpu_usage
2025-02-16 05:18 - INFO - value={'total': 34258022400, 'available': 17455271936, 'percent': 49.0, 'used': 16802750464, 'free': 17455271936}
2025-02-16 05:18 - INFO - Data memory measure: {'total': 34258022400, 'available': 17367060480, 'percent': 49.3, 'used': 16890961920, 'free': 17367060480}
2025-02-16 05:18 - INFO - Data cpu measure: {'usage_total': 13.3, 'usage_per_core': [13.8, 6.2, 14.1, 15.6, 9.2, 25.0, 4.7, 4.7, 38.5, 18.5, 6.2, 3.1]}
2025-02-16 05:18 - INFO - Encolando evento: {'memory_usage': {'total': 34258022400, 'available': 17367060480, 'percent': 49.3, 'used': 16890961920, 'free': 17367060480}}
2025-02-16 05:18 - INFO - Encolando evento: {'cpu_usage': {'usage_total': 13.3, 'usage_per_core': [13.8, 6.2, 14.1, 15.6, 9.2, 25.0, 4.7, 4.7, 38.5, 18.5, 6.2, 3.1]}}
2025-02-16 05:18 - INFO - key: memory_usage
2025-02-16 05:18 - INFO - key: cpu_usage
2025-02-16 05:18 - INFO - value={'total': 34258022400, 'available': 17367060480, 'percent': 49.3, 'used': 16890961920, 'free': 17367060480}
2025-02-16 05:18 - INFO - value={'usage_total': 13.3, 'usage_per_core': [13.8, 6.2, 14.1, 15.6, 9.2, 25.0, 4.7, 4.7, 38.5, 18.5, 6.2, 3.1]}
2025-02-16 05:18 - INFO - Encolando evento: {'cpu_usage': {'total': 34258022400, 'available': 17367060480, 'percent': 49.3, 'used': 16890961920, 'free': 17367060480}}
2025-02-16 05:18 - INFO - key: cpu_usage
2025-02-16 05:18 - INFO - value={'total': 34258022400, 'available': 17367060480, 'percent': 49.3, 'used': 16890961920, 'free': 17367060480}
2025-02-16 05:18 - INFO - Data cpu measure: {'usage_total': 1.7, 'usage_per_core': [0.0, 0.0, 1.5, 4.6, 1.6, 1.5, 1.6, 1.6, 1.6, 6.2, 0.0, 0.0]}
2025-02-16 05:18 - INFO - Data memory measure: {'total': 34258022400, 'available': 17371815936, 'percent': 49.3, 'used': 16886206464, 'free': 17371815936}
2025-02-16 05:18 - INFO - Encolando evento: {'cpu_usage': {'usage_total': 1.7, 'usage_per_core': [0.0, 0.0, 1.5, 4.6, 1.6, 1.5, 1.6, 1.6, 1.6, 6.2, 0.0, 0.0]}}
2025-02-16 05:18 - INFO - Encolando evento: {'memory_usage': {'total': 34258022400, 'available': 17371815936, 'percent': 49.3, 'used': 16886206464, 'free': 17371815936}}
2025-02-16 05:18 - INFO - key: cpu_usage
2025-02-16 05:18 - INFO - key: memory_usage
2025-02-16 05:18 - INFO - value={'usage_total': 1.7, 'usage_per_core': [0.0, 0.0, 1.5, 4.6, 1.6, 1.5, 1.6, 1.6, 1.6, 6.2, 0.0, 0.0]}
2025-02-16 05:18 - INFO - value={'total': 34258022400, 'available': 17371815936, 'percent': 49.3, 'used': 16886206464, 'free': 17371815936}
2025-02-16 05:18 - INFO - Encolando evento: {'cpu_usage': {'total': 34258022400, 'available': 17371815936, 'percent': 49.3, 'used': 16886206464, 'free': 17371815936}}
2025-02-16 05:18 - INFO - key: cpu_usage
2025-02-16 05:18 - INFO - value={'total': 34258022400, 'available': 17371815936, 'percent': 49.3, 'used': 16886206464, 'free': 17371815936}
2025-02-16 05:18 - INFO - Data memory measure: {'total': 34258022400, 'available': 17374347264, 'percent': 49.3, 'used': 16883675136, 'free': 17374347264}
2025-02-16 05:18 - INFO - Data cpu measure: {'usage_total': 2.9, 'usage_per_core': [0.0, 3.1, 1.6, 1.6, 3.1, 4.6, 0.0, 0.0, 12.1, 9.2, 0.0, 0.0]}
2025-02-16 05:18 - INFO - Encolando evento: {'memory_usage': {'total': 34258022400, 'available': 17374347264, 'percent': 49.3, 'used': 16883675136, 'free': 17374347264}}
2025-02-16 05:18 - INFO - Encolando evento: {'cpu_usage': {'usage_total': 2.9, 'usage_per_core': [0.0, 3.1, 1.6, 1.6, 3.1, 4.6, 0.0, 0.0, 12.1, 9.2, 0.0, 0.0]}}
2025-02-16 05:18 - INFO - key: memory_usage
2025-02-16 05:18 - INFO - key: cpu_usage
2025-02-16 05:18 - INFO - value={'total': 34258022400, 'available': 17374347264, 'percent': 49.3, 'used': 16883675136, 'free': 17374347264}
2025-02-16 05:18 - INFO - value={'usage_total': 2.9, 'usage_per_core': [0.0, 3.1, 1.6, 1.6, 3.1, 4.6, 0.0, 0.0, 12.1, 9.2, 0.0, 0.0]}
2025-02-16 05:18 - INFO - Encolando evento: {'cpu_usage': {'total': 34258022400, 'available': 17374347264, 'percent': 49.3, 'used': 16883675136, 'free': 17374347264}}
2025-02-16 05:18 - INFO - key: cpu_usage
2025-02-16 05:18 - INFO - value={'total': 34258022400, 'available': 17374347264, 'percent': 49.3, 'used': 16883675136, 'free': 17374347264}
2025-02-16 05:18 - INFO - Data cpu measure: {'usage_total': 3.1, 'usage_per_core': [4.6, 0.0, 3.0, 1.5, 3.1, 7.8, 0.0, 0.0, 6.2, 9.4, 0.0, 1.6]}
2025-02-16 05:18 - INFO - Data memory measure: {'total': 34258022400, 'available': 17374420992, 'percent': 49.3, 'used': 16883601408, 'free': 17374420992}
2025-02-16 05:18 - INFO - Encolando evento: {'cpu_usage': {'usage_total': 3.1, 'usage_per_core': [4.6, 0.0, 3.0, 1.5, 3.1, 7.8, 0.0, 0.0, 6.2, 9.4, 0.0, 1.6]}}
2025-02-16 05:18 - INFO - Encolando evento: {'memory_usage': {'total': 34258022400, 'available': 17374420992, 'percent': 49.3, 'used': 16883601408, 'free': 17374420992}}
2025-02-16 05:18 - INFO - key: cpu_usage
2025-02-16 05:18 - INFO - key: memory_usage
2025-02-16 05:18 - INFO - value={'usage_total': 3.1, 'usage_per_core': [4.6, 0.0, 3.0, 1.5, 3.1, 7.8, 0.0, 0.0, 6.2, 9.4, 0.0, 1.6]}
2025-02-16 05:18 - INFO - value={'total': 34258022400, 'available': 17374420992, 'percent': 49.3, 'used': 16883601408, 'free': 17374420992}
2025-02-16 05:18 - INFO - Encolando evento: {'cpu_usage': {'total': 34258022400, 'available': 17374420992, 'percent': 49.3, 'used': 16883601408, 'free': 17374420992}}
2025-02-16 05:18 - INFO - key: cpu_usage
2025-02-16 05:18 - INFO - value={'total': 34258022400, 'available': 17374420992, 'percent': 49.3, 'used': 16883601408, 'free': 17374420992}
2025-02-16 05:18 - INFO - Data memory measure: {'total': 34258022400, 'available': 17370886144, 'percent': 49.3, 'used': 16887136256, 'free': 17370886144}
2025-02-16 05:18 - INFO - Data cpu measure: {'usage_total': 5.3, 'usage_per_core': [3.0, 3.1, 4.6, 7.7, 16.9, 7.6, 0.0, 3.0, 4.6, 7.7, 1.5, 4.5]}
2025-02-16 05:18 - INFO - Encolando evento: {'memory_usage': {'total': 34258022400, 'available': 17370886144, 'percent': 49.3, 'used': 16887136256, 'free': 17370886144}}
2025-02-16 05:18 - INFO - Encolando evento: {'cpu_usage': {'usage_total': 5.3, 'usage_per_core': [3.0, 3.1, 4.6, 7.7, 16.9, 7.6, 0.0, 3.0, 4.6, 7.7, 1.5, 4.5]}}
2025-02-16 05:18 - INFO - key: memory_usage
2025-02-16 05:18 - INFO - key: cpu_usage
2025-02-16 05:18 - INFO - value={'total': 34258022400, 'available': 17370886144, 'percent': 49.3, 'used': 16887136256, 'free': 17370886144}
2025-02-16 05:18 - INFO - value={'usage_total': 5.3, 'usage_per_core': [3.0, 3.1, 4.6, 7.7, 16.9, 7.6, 0.0, 3.0, 4.6, 7.7, 1.5, 4.5]}
2025-02-16 05:18 - INFO - Encolando evento: {'cpu_usage': {'total': 34258022400, 'available': 17370886144, 'percent': 49.3, 'used': 16887136256, 'free': 17370886144}}
2025-02-16 05:18 - INFO - key: cpu_usage
2025-02-16 05:18 - INFO - value={'total': 34258022400, 'available': 17370886144, 'percent': 49.3, 'used': 16887136256, 'free': 17370886144}
2025-02-16 05:18 - INFO - Data cpu measure: {'usage_total': 4.5, 'usage_per_core': [4.6, 1.5, 0.0, 4.6, 13.6, 7.7, 0.0, 0.0, 15.4, 4.6, 0.0, 1.6]}
2025-02-16 05:18 - INFO - Data memory measure: {'total': 34258022400, 'available': 17372925952, 'percent': 49.3, 'used': 16885096448, 'free': 17372925952}
2025-02-16 05:18 - INFO - Encolando evento: {'cpu_usage': {'usage_total': 4.5, 'usage_per_core': [4.6, 1.5, 0.0, 4.6, 13.6, 7.7, 0.0, 0.0, 15.4, 4.6, 0.0, 1.6]}}
2025-02-16 05:18 - INFO - Encolando evento: {'memory_usage': {'total': 34258022400, 'available': 17372925952, 'percent': 49.3, 'used': 16885096448, 'free': 17372925952}}
2025-02-16 05:18 - INFO - key: cpu_usage
2025-02-16 05:18 - INFO - key: memory_usage
2025-02-16 05:18 - INFO - value={'usage_total': 4.5, 'usage_per_core': [4.6, 1.5, 0.0, 4.6, 13.6, 7.7, 0.0, 0.0, 15.4, 4.6, 0.0, 1.6]}
2025-02-16 05:18 - INFO - value={'total': 34258022400, 'available': 17372925952, 'percent': 49.3, 'used': 16885096448, 'free': 17372925952}
2025-02-16 05:18 - INFO - Encolando evento: {'cpu_usage': {'total': 34258022400, 'available': 17372925952, 'percent': 49.3, 'used': 16885096448, 'free': 17372925952}}
2025-02-16 05:18 - INFO - key: cpu_usage
2025-02-16 05:18 - INFO - value={'total': 34258022400, 'available': 17372925952, 'percent': 49.3, 'used': 16885096448, 'free': 17372925952}
2025-02-16 05:18 - INFO - Data memory measure: {'total': 34258022400, 'available': 17379893248, 'percent': 49.3, 'used': 16878129152, 'free': 17379893248}
2025-02-16 05:18 - INFO - Data cpu measure: {'usage_total': 16.8, 'usage_per_core': [15.4, 21.5, 13.8, 24.6, 7.8, 33.8, 10.8, 7.7, 14.1, 12.3, 12.3, 27.3]}
2025-02-16 05:18 - INFO - Encolando evento: {'memory_usage': {'total': 34258022400, 'available': 17379893248, 'percent': 49.3, 'used': 16878129152, 'free': 17379893248}}
2025-02-16 05:18 - INFO - Encolando evento: {'cpu_usage': {'usage_total': 16.8, 'usage_per_core': [15.4, 21.5, 13.8, 24.6, 7.8, 33.8, 10.8, 7.7, 14.1, 12.3, 12.3, 27.3]}}
2025-02-16 05:18 - INFO - key: memory_usage
2025-02-16 05:18 - INFO - key: cpu_usage
2025-02-16 05:18 - INFO - value={'total': 34258022400, 'available': 17379893248, 'percent': 49.3, 'used': 16878129152, 'free': 17379893248}
2025-02-16 05:18 - INFO - value={'usage_total': 16.8, 'usage_per_core': [15.4, 21.5, 13.8, 24.6, 7.8, 33.8, 10.8, 7.7, 14.1, 12.3, 12.3, 27.3]}
2025-02-16 05:18 - INFO - Encolando evento: {'cpu_usage': {'total': 34258022400, 'available': 17379893248, 'percent': 49.3, 'used': 16878129152, 'free': 17379893248}}
2025-02-16 05:18 - INFO - key: cpu_usage
2025-02-16 05:18 - INFO - value={'total': 34258022400, 'available': 17379893248, 'percent': 49.3, 'used': 16878129152, 'free': 17379893248}
2025-02-16 05:18 - INFO - Data cpu measure: {'usage_total': 9.8, 'usage_per_core': [12.3, 4.7, 21.5, 3.1, 16.9, 18.8, 3.1, 3.1, 18.5, 9.2, 4.6, 1.6]}
2025-02-16 05:18 - INFO - Data memory measure: {'total': 34258022400, 'available': 17369808896, 'percent': 49.3, 'used': 16888213504, 'free': 17369808896}
2025-02-16 05:18 - INFO - Encolando evento: {'cpu_usage': {'usage_total': 9.8, 'usage_per_core': [12.3, 4.7, 21.5, 3.1, 16.9, 18.8, 3.1, 3.1, 18.5, 9.2, 4.6, 1.6]}}
2025-02-16 05:18 - INFO - Encolando evento: {'memory_usage': {'total': 34258022400, 'available': 17369808896, 'percent': 49.3, 'used': 16888213504, 'free': 17369808896}}
2025-02-16 05:18 - INFO - key: cpu_usage
2025-02-16 05:18 - INFO - key: memory_usage
2025-02-16 05:18 - INFO - value={'usage_total': 9.8, 'usage_per_core': [12.3, 4.7, 21.5, 3.1, 16.9, 18.8, 3.1, 3.1, 18.5, 9.2, 4.6, 1.6]}
2025-02-16 05:18 - INFO - value={'total': 34258022400, 'available': 17369808896, 'percent': 49.3, 'used': 16888213504, 'free': 17369808896}
2025-02-16 05:18 - INFO - Encolando evento: {'cpu_usage': {'total': 34258022400, 'available': 17369808896, 'percent': 49.3, 'used': 16888213504, 'free': 17369808896}}
2025-02-16 05:18 - INFO - key: cpu_usage
2025-02-16 05:18 - INFO - value={'total': 34258022400, 'available': 17369808896, 'percent': 49.3, 'used': 16888213504, 'free': 17369808896}
2025-02-16 05:18 - INFO - Data cpu measure: {'usage_total': 5.6, 'usage_per_core': [9.0, 6.2, 1.5, 1.5, 12.3, 7.6, 6.2, 6.2, 9.2, 3.1, 3.1, 1.6]}
2025-02-16 05:18 - INFO - Data memory measure: {'total': 34258022400, 'available': 17518407680, 'percent': 48.9, 'used': 16739614720, 'free': 17518407680}
2025-02-16 05:18 - INFO - Encolando evento: {'cpu_usage': {'usage_total': 5.6, 'usage_per_core': [9.0, 6.2, 1.5, 1.5, 12.3, 7.6, 6.2, 6.2, 9.2, 3.1, 3.1, 1.6]}}
2025-02-16 05:18 - INFO - Encolando evento: {'memory_usage': {'total': 34258022400, 'available': 17518407680, 'percent': 48.9, 'used': 16739614720, 'free': 17518407680}}
2025-02-16 05:18 - INFO - key: cpu_usage
2025-02-16 05:18 - INFO - key: memory_usage
2025-02-16 05:18 - INFO - value={'usage_total': 5.6, 'usage_per_core': [9.0, 6.2, 1.5, 1.5, 12.3, 7.6, 6.2, 6.2, 9.2, 3.1, 3.1, 1.6]}
2025-02-16 05:18 - INFO - value={'total': 34258022400, 'available': 17518407680, 'percent': 48.9, 'used': 16739614720, 'free': 17518407680}
2025-02-16 05:18 - INFO - Encolando evento: {'cpu_usage': {'total': 34258022400, 'available': 17518407680, 'percent': 48.9, 'used': 16739614720, 'free': 17518407680}}
2025-02-16 05:18 - INFO - key: cpu_usage
2025-02-16 05:18 - INFO - value={'total': 34258022400, 'available': 17518407680, 'percent': 48.9, 'used': 16739614720, 'free': 17518407680}
2025-02-16 05:18 - INFO - Data cpu measure: {'usage_total': 10.4, 'usage_per_core': [7.7, 3.1, 12.3, 4.6, 21.5, 10.8, 7.8, 1.5, 40.0, 9.2, 4.7, 1.5]}
2025-02-16 05:18 - INFO - Data memory measure: {'total': 34258022400, 'available': 17514278912, 'percent': 48.9, 'used': 16743743488, 'free': 17514278912}
2025-02-16 05:18 - INFO - Encolando evento: {'cpu_usage': {'usage_total': 10.4, 'usage_per_core': [7.7, 3.1, 12.3, 4.6, 21.5, 10.8, 7.8, 1.5, 40.0, 9.2, 4.7, 1.5]}}
2025-02-16 05:18 - INFO - Encolando evento: {'memory_usage': {'total': 34258022400, 'available': 17514278912, 'percent': 48.9, 'used': 16743743488, 'free': 17514278912}}
2025-02-16 05:18 - INFO - key: cpu_usage
2025-02-16 05:18 - INFO - key: memory_usage
2025-02-16 05:18 - INFO - value={'usage_total': 10.4, 'usage_per_core': [7.7, 3.1, 12.3, 4.6, 21.5, 10.8, 7.8, 1.5, 40.0, 9.2, 4.7, 1.5]}
2025-02-16 05:18 - INFO - value={'total': 34258022400, 'available': 17514278912, 'percent': 48.9, 'used': 16743743488, 'free': 17514278912}
2025-02-16 05:18 - INFO - Encolando evento: {'cpu_usage': {'total': 34258022400, 'available': 17514278912, 'percent': 48.9, 'used': 16743743488, 'free': 17514278912}}
2025-02-16 05:18 - INFO - key: cpu_usage
2025-02-16 05:18 - INFO - value={'total': 34258022400, 'available': 17514278912, 'percent': 48.9, 'used': 16743743488, 'free': 17514278912}
2025-02-16 05:18 - INFO - Data memory measure: {'total': 34258022400, 'available': 17524678656, 'percent': 48.8, 'used': 16733343744, 'free': 17524678656}
2025-02-16 05:18 - INFO - Data cpu measure: {'usage_total': 2.2, 'usage_per_core': [1.6, 1.6, 1.6, 0.0, 0.0, 3.1, 1.5, 0.0, 9.4, 7.8, 0.0, 0.0]}
2025-02-16 05:18 - INFO - Encolando evento: {'memory_usage': {'total': 34258022400, 'available': 17524678656, 'percent': 48.8, 'used': 16733343744, 'free': 17524678656}}
2025-02-16 05:18 - INFO - Encolando evento: {'cpu_usage': {'usage_total': 2.2, 'usage_per_core': [1.6, 1.6, 1.6, 0.0, 0.0, 3.1, 1.5, 0.0, 9.4, 7.8, 0.0, 0.0]}}
2025-02-16 05:18 - INFO - key: memory_usage
2025-02-16 05:18 - INFO - key: cpu_usage
2025-02-16 05:18 - INFO - value={'total': 34258022400, 'available': 17524678656, 'percent': 48.8, 'used': 16733343744, 'free': 17524678656}
2025-02-16 05:18 - INFO - value={'usage_total': 2.2, 'usage_per_core': [1.6, 1.6, 1.6, 0.0, 0.0, 3.1, 1.5, 0.0, 9.4, 7.8, 0.0, 0.0]}
2025-02-16 05:18 - INFO - Encolando evento: {'cpu_usage': {'total': 34258022400, 'available': 17524678656, 'percent': 48.8, 'used': 16733343744, 'free': 17524678656}}
2025-02-16 05:18 - INFO - key: cpu_usage
2025-02-16 05:18 - INFO - value={'total': 34258022400, 'available': 17524678656, 'percent': 48.8, 'used': 16733343744, 'free': 17524678656}
2025-02-16 05:18 - INFO - Data memory measure: {'total': 34258022400, 'available': 17525145600, 'percent': 48.8, 'used': 16732876800, 'free': 17525145600}
2025-02-16 05:18 - INFO - Data cpu measure: {'usage_total': 1.5, 'usage_per_core': [3.0, 1.5, 1.5, 1.5, 4.6, 4.6, 0.0, 0.0, 0.0, 1.5, 0.0, 0.0]}
2025-02-16 05:18 - INFO - Encolando evento: {'memory_usage': {'total': 34258022400, 'available': 17525145600, 'percent': 48.8, 'used': 16732876800, 'free': 17525145600}}
2025-02-16 05:18 - INFO - Encolando evento: {'cpu_usage': {'usage_total': 1.5, 'usage_per_core': [3.0, 1.5, 1.5, 1.5, 4.6, 4.6, 0.0, 0.0, 0.0, 1.5, 0.0, 0.0]}}
2025-02-16 05:18 - INFO - key: memory_usage
2025-02-16 05:18 - INFO - key: cpu_usage
2025-02-16 05:18 - INFO - value={'total': 34258022400, 'available': 17525145600, 'percent': 48.8, 'used': 16732876800, 'free': 17525145600}
2025-02-16 05:18 - INFO - value={'usage_total': 1.5, 'usage_per_core': [3.0, 1.5, 1.5, 1.5, 4.6, 4.6, 0.0, 0.0, 0.0, 1.5, 0.0, 0.0]}
2025-02-16 05:18 - INFO - Encolando evento: {'cpu_usage': {'total': 34258022400, 'available': 17525145600, 'percent': 48.8, 'used': 16732876800, 'free': 17525145600}}
2025-02-16 05:18 - INFO - key: cpu_usage
2025-02-16 05:18 - INFO - value={'total': 34258022400, 'available': 17525145600, 'percent': 48.8, 'used': 16732876800, 'free': 17525145600}
2025-02-16 05:18 - INFO - Data cpu measure: {'usage_total': 1.4, 'usage_per_core': [4.6, 3.1, 0.0, 0.0, 3.1, 1.6, 0.0, 0.0, 3.1, 1.6, 0.0, 0.0]}
2025-02-16 05:18 - INFO - Data memory measure: {'total': 34258022400, 'available': 17525383168, 'percent': 48.8, 'used': 16732639232, 'free': 17525383168}
2025-02-16 05:18 - INFO - Encolando evento: {'cpu_usage': {'usage_total': 1.4, 'usage_per_core': [4.6, 3.1, 0.0, 0.0, 3.1, 1.6, 0.0, 0.0, 3.1, 1.6, 0.0, 0.0]}}
2025-02-16 05:18 - INFO - Encolando evento: {'memory_usage': {'total': 34258022400, 'available': 17525383168, 'percent': 48.8, 'used': 16732639232, 'free': 17525383168}}
2025-02-16 05:18 - INFO - key: cpu_usage
2025-02-16 05:18 - INFO - key: memory_usage
2025-02-16 05:18 - INFO - value={'usage_total': 1.4, 'usage_per_core': [4.6, 3.1, 0.0, 0.0, 3.1, 1.6, 0.0, 0.0, 3.1, 1.6, 0.0, 0.0]}
2025-02-16 05:18 - INFO - value={'total': 34258022400, 'available': 17525383168, 'percent': 48.8, 'used': 16732639232, 'free': 17525383168}
2025-02-16 05:18 - INFO - Encolando evento: {'cpu_usage': {'total': 34258022400, 'available': 17525383168, 'percent': 48.8, 'used': 16732639232, 'free': 17525383168}}
2025-02-16 05:18 - INFO - key: cpu_usage
2025-02-16 05:18 - INFO - value={'total': 34258022400, 'available': 17525383168, 'percent': 48.8, 'used': 16732639232, 'free': 17525383168}
2025-02-16 05:18 - INFO - Data cpu measure: {'usage_total': 3.6, 'usage_per_core': [3.1, 1.5, 4.7, 3.1, 4.6, 7.7, 3.0, 3.0, 3.1, 6.2, 1.5, 1.5]}
2025-02-16 05:18 - INFO - Data memory measure: {'total': 34258022400, 'available': 17520689152, 'percent': 48.9, 'used': 16737333248, 'free': 17520689152}
2025-02-16 05:18 - INFO - Encolando evento: {'cpu_usage': {'usage_total': 3.6, 'usage_per_core': [3.1, 1.5, 4.7, 3.1, 4.6, 7.7, 3.0, 3.0, 3.1, 6.2, 1.5, 1.5]}}
2025-02-16 05:18 - INFO - Encolando evento: {'memory_usage': {'total': 34258022400, 'available': 17520689152, 'percent': 48.9, 'used': 16737333248, 'free': 17520689152}}
2025-02-16 05:18 - INFO - key: cpu_usage
2025-02-16 05:18 - INFO - key: memory_usage
2025-02-16 05:18 - INFO - value={'usage_total': 3.6, 'usage_per_core': [3.1, 1.5, 4.7, 3.1, 4.6, 7.7, 3.0, 3.0, 3.1, 6.2, 1.5, 1.5]}
2025-02-16 05:18 - INFO - value={'total': 34258022400, 'available': 17520689152, 'percent': 48.9, 'used': 16737333248, 'free': 17520689152}
2025-02-16 05:18 - INFO - Encolando evento: {'cpu_usage': {'total': 34258022400, 'available': 17520689152, 'percent': 48.9, 'used': 16737333248, 'free': 17520689152}}
2025-02-16 05:18 - INFO - key: cpu_usage
2025-02-16 05:18 - INFO - value={'total': 34258022400, 'available': 17520689152, 'percent': 48.9, 'used': 16737333248, 'free': 17520689152}
2025-02-16 05:18 - INFO - Data memory measure: {'total': 34258022400, 'available': 17523245056, 'percent': 48.8, 'used': 16734777344, 'free': 17523245056}
2025-02-16 05:18 - INFO - Data cpu measure: {'usage_total': 4.2, 'usage_per_core': [0.0, 0.0, 4.5, 0.0, 7.7, 7.7, 1.5, 0.0, 15.4, 10.4, 1.5, 1.5]}
2025-02-16 05:18 - INFO - Encolando evento: {'memory_usage': {'total': 34258022400, 'available': 17523245056, 'percent': 48.8, 'used': 16734777344, 'free': 17523245056}}
2025-02-16 05:18 - INFO - Encolando evento: {'cpu_usage': {'usage_total': 4.2, 'usage_per_core': [0.0, 0.0, 4.5, 0.0, 7.7, 7.7, 1.5, 0.0, 15.4, 10.4, 1.5, 1.5]}}
2025-02-16 05:18 - INFO - key: memory_usage
2025-02-16 05:18 - INFO - key: cpu_usage
2025-02-16 05:18 - INFO - value={'total': 34258022400, 'available': 17523245056, 'percent': 48.8, 'used': 16734777344, 'free': 17523245056}
2025-02-16 05:18 - INFO - value={'usage_total': 4.2, 'usage_per_core': [0.0, 0.0, 4.5, 0.0, 7.7, 7.7, 1.5, 0.0, 15.4, 10.4, 1.5, 1.5]}
2025-02-16 05:18 - INFO - Encolando evento: {'cpu_usage': {'total': 34258022400, 'available': 17523245056, 'percent': 48.8, 'used': 16734777344, 'free': 17523245056}}
2025-02-16 05:18 - INFO - key: cpu_usage
2025-02-16 05:18 - INFO - value={'total': 34258022400, 'available': 17523245056, 'percent': 48.8, 'used': 16734777344, 'free': 17523245056}
2025-02-16 05:18 - INFO - Data cpu measure: {'usage_total': 1.6, 'usage_per_core': [0.0, 0.0, 1.6, 3.1, 4.7, 4.7, 0.0, 0.0, 1.6, 3.1, 0.0, 0.0]}
2025-02-16 05:18 - INFO - Data memory measure: {'total': 34258022400, 'available': 17522417664, 'percent': 48.9, 'used': 16735604736, 'free': 17522417664}
2025-02-16 05:18 - INFO - Encolando evento: {'cpu_usage': {'usage_total': 1.6, 'usage_per_core': [0.0, 0.0, 1.6, 3.1, 4.7, 4.7, 0.0, 0.0, 1.6, 3.1, 0.0, 0.0]}}
2025-02-16 05:18 - INFO - Encolando evento: {'memory_usage': {'total': 34258022400, 'available': 17522417664, 'percent': 48.9, 'used': 16735604736, 'free': 17522417664}}
2025-02-16 05:18 - INFO - key: cpu_usage
2025-02-16 05:18 - INFO - key: memory_usage
2025-02-16 05:18 - INFO - value={'usage_total': 1.6, 'usage_per_core': [0.0, 0.0, 1.6, 3.1, 4.7, 4.7, 0.0, 0.0, 1.6, 3.1, 0.0, 0.0]}
2025-02-16 05:18 - INFO - value={'total': 34258022400, 'available': 17522417664, 'percent': 48.9, 'used': 16735604736, 'free': 17522417664}
2025-02-16 05:18 - INFO - Encolando evento: {'cpu_usage': {'total': 34258022400, 'available': 17522417664, 'percent': 48.9, 'used': 16735604736, 'free': 17522417664}}
2025-02-16 05:18 - INFO - key: cpu_usage
2025-02-16 05:18 - INFO - value={'total': 34258022400, 'available': 17522417664, 'percent': 48.9, 'used': 16735604736, 'free': 17522417664}
2025-02-16 05:18 - INFO - Data cpu measure: {'usage_total': 4.6, 'usage_per_core': [1.5, 3.1, 4.6, 7.7, 7.7, 6.2, 1.5, 1.5, 3.1, 7.6, 6.1, 4.5]}
2025-02-16 05:18 - INFO - Data memory measure: {'total': 34258022400, 'available': 17606201344, 'percent': 48.6, 'used': 16651821056, 'free': 17606201344}
2025-02-16 05:18 - INFO - Encolando evento: {'cpu_usage': {'usage_total': 4.6, 'usage_per_core': [1.5, 3.1, 4.6, 7.7, 7.7, 6.2, 1.5, 1.5, 3.1, 7.6, 6.1, 4.5]}}
2025-02-16 05:18 - INFO - Encolando evento: {'memory_usage': {'total': 34258022400, 'available': 17606201344, 'percent': 48.6, 'used': 16651821056, 'free': 17606201344}}
2025-02-16 05:18 - INFO - key: cpu_usage
2025-02-16 05:18 - INFO - key: memory_usage
2025-02-16 05:18 - INFO - value={'usage_total': 4.6, 'usage_per_core': [1.5, 3.1, 4.6, 7.7, 7.7, 6.2, 1.5, 1.5, 3.1, 7.6, 6.1, 4.5]}
2025-02-16 05:18 - INFO - value={'total': 34258022400, 'available': 17606201344, 'percent': 48.6, 'used': 16651821056, 'free': 17606201344}
2025-02-16 05:18 - INFO - Encolando evento: {'cpu_usage': {'total': 34258022400, 'available': 17606201344, 'percent': 48.6, 'used': 16651821056, 'free': 17606201344}}
2025-02-16 05:18 - INFO - key: cpu_usage
2025-02-16 05:18 - INFO - value={'total': 34258022400, 'available': 17606201344, 'percent': 48.6, 'used': 16651821056, 'free': 17606201344}
2025-02-16 05:18 - INFO - Data cpu measure: {'usage_total': 3.4, 'usage_per_core': [4.6, 4.7, 1.6, 0.0, 6.2, 1.6, 3.2, 3.2, 3.1, 9.4, 1.6, 1.6]}
2025-02-16 05:18 - INFO - Encolando evento: {'cpu_usage': {'usage_total': 3.4, 'usage_per_core': [4.6, 4.7, 1.6, 0.0, 6.2, 1.6, 3.2, 3.2, 3.1, 9.4, 1.6, 1.6]}}
2025-02-16 05:18 - INFO - key: cpu_usage
2025-02-16 05:18 - INFO - value={'usage_total': 3.4, 'usage_per_core': [4.6, 4.7, 1.6, 0.0, 6.2, 1.6, 3.2, 3.2, 3.1, 9.4, 1.6, 1.6]}
2025-02-16 05:18 - INFO - Data memory measure: {'total': 34258022400, 'available': 17609998336, 'percent': 48.6, 'used': 16648024064, 'free': 17609998336}
2025-02-16 05:18 - INFO - Encolando evento: {'memory_usage': {'total': 34258022400, 'available': 17609998336, 'percent': 48.6, 'used': 16648024064, 'free': 17609998336}}
2025-02-16 05:18 - INFO - key: memory_usage
2025-02-16 05:18 - INFO - value={'total': 34258022400, 'available': 17609998336, 'percent': 48.6, 'used': 16648024064, 'free': 17609998336}
2025-02-16 05:18 - INFO - Encolando evento: {'cpu_usage': {'total': 34258022400, 'available': 17609998336, 'percent': 48.6, 'used': 16648024064, 'free': 17609998336}}
2025-02-16 05:18 - INFO - key: cpu_usage
2025-02-16 05:18 - INFO - value={'total': 34258022400, 'available': 17609998336, 'percent': 48.6, 'used': 16648024064, 'free': 17609998336}
2025-02-16 05:18 - INFO - Data cpu measure: {'usage_total': 3.1, 'usage_per_core': [3.0, 0.0, 0.0, 1.5, 7.7, 4.6, 1.5, 0.0, 9.1, 7.7, 0.0, 1.5]}
2025-02-16 05:18 - INFO - Encolando evento: {'cpu_usage': {'usage_total': 3.1, 'usage_per_core': [3.0, 0.0, 0.0, 1.5, 7.7, 4.6, 1.5, 0.0, 9.1, 7.7, 0.0, 1.5]}}
2025-02-16 05:18 - INFO - key: cpu_usage
2025-02-16 05:18 - INFO - value={'usage_total': 3.1, 'usage_per_core': [3.0, 0.0, 0.0, 1.5, 7.7, 4.6, 1.5, 0.0, 9.1, 7.7, 0.0, 1.5]}
2025-02-16 05:18 - INFO - Data memory measure: {'total': 34258022400, 'available': 17614565376, 'percent': 48.6, 'used': 16643457024, 'free': 17614565376}
2025-02-16 05:18 - INFO - Encolando evento: {'memory_usage': {'total': 34258022400, 'available': 17614565376, 'percent': 48.6, 'used': 16643457024, 'free': 17614565376}}
2025-02-16 05:18 - INFO - key: memory_usage
2025-02-16 05:18 - INFO - value={'total': 34258022400, 'available': 17614565376, 'percent': 48.6, 'used': 16643457024, 'free': 17614565376}
2025-02-16 05:18 - INFO - Encolando evento: {'cpu_usage': {'total': 34258022400, 'available': 17614565376, 'percent': 48.6, 'used': 16643457024, 'free': 17614565376}}
2025-02-16 05:18 - INFO - key: cpu_usage
2025-02-16 05:18 - INFO - value={'total': 34258022400, 'available': 17614565376, 'percent': 48.6, 'used': 16643457024, 'free': 17614565376}
2025-02-16 05:18 - INFO - Data cpu measure: {'usage_total': 1.2, 'usage_per_core': [0.0, 0.0, 1.6, 4.7, 1.6, 1.6, 0.0, 0.0, 3.1, 1.6, 0.0, 0.0]}
2025-02-16 05:18 - INFO - Encolando evento: {'cpu_usage': {'usage_total': 1.2, 'usage_per_core': [0.0, 0.0, 1.6, 4.7, 1.6, 1.6, 0.0, 0.0, 3.1, 1.6, 0.0, 0.0]}}
2025-02-16 05:18 - INFO - key: cpu_usage
2025-02-16 05:18 - INFO - value={'usage_total': 1.2, 'usage_per_core': [0.0, 0.0, 1.6, 4.7, 1.6, 1.6, 0.0, 0.0, 3.1, 1.6, 0.0, 0.0]}
2025-02-16 05:18 - INFO - Data memory measure: {'total': 34258022400, 'available': 17611407360, 'percent': 48.6, 'used': 16646615040, 'free': 17611407360}
2025-02-16 05:18 - INFO - Encolando evento: {'memory_usage': {'total': 34258022400, 'available': 17611407360, 'percent': 48.6, 'used': 16646615040, 'free': 17611407360}}
2025-02-16 05:18 - INFO - key: memory_usage
2025-02-16 05:18 - INFO - value={'total': 34258022400, 'available': 17611407360, 'percent': 48.6, 'used': 16646615040, 'free': 17611407360}
2025-02-16 05:18 - INFO - Encolando evento: {'cpu_usage': {'total': 34258022400, 'available': 17611407360, 'percent': 48.6, 'used': 16646615040, 'free': 17611407360}}
2025-02-16 05:18 - INFO - key: cpu_usage
2025-02-16 05:18 - INFO - value={'total': 34258022400, 'available': 17611407360, 'percent': 48.6, 'used': 16646615040, 'free': 17611407360}
2025-02-16 05:18 - INFO - Data cpu measure: {'usage_total': 1.4, 'usage_per_core': [0.0, 1.5, 4.6, 1.5, 1.5, 3.1, 1.5, 0.0, 1.5, 0.0, 1.5, 0.0]}
2025-02-16 05:18 - INFO - Encolando evento: {'cpu_usage': {'usage_total': 1.4, 'usage_per_core': [0.0, 1.5, 4.6, 1.5, 1.5, 3.1, 1.5, 0.0, 1.5, 0.0, 1.5, 0.0]}}
2025-02-16 05:18 - INFO - key: cpu_usage
2025-02-16 05:18 - INFO - value={'usage_total': 1.4, 'usage_per_core': [0.0, 1.5, 4.6, 1.5, 1.5, 3.1, 1.5, 0.0, 1.5, 0.0, 1.5, 0.0]}
2025-02-16 05:18 - INFO - Data memory measure: {'total': 34258022400, 'available': 17610936320, 'percent': 48.6, 'used': 16647086080, 'free': 17610936320}
2025-02-16 05:18 - INFO - Encolando evento: {'memory_usage': {'total': 34258022400, 'available': 17610936320, 'percent': 48.6, 'used': 16647086080, 'free': 17610936320}}
2025-02-16 05:18 - INFO - key: memory_usage
2025-02-16 05:18 - INFO - value={'total': 34258022400, 'available': 17610936320, 'percent': 48.6, 'used': 16647086080, 'free': 17610936320}
2025-02-16 05:18 - INFO - Encolando evento: {'cpu_usage': {'total': 34258022400, 'available': 17610936320, 'percent': 48.6, 'used': 16647086080, 'free': 17610936320}}
2025-02-16 05:18 - INFO - key: cpu_usage
2025-02-16 05:18 - INFO - value={'total': 34258022400, 'available': 17610936320, 'percent': 48.6, 'used': 16647086080, 'free': 17610936320}
2025-02-16 05:18 - INFO - Data cpu measure: {'usage_total': 0.8, 'usage_per_core': [0.0, 0.0, 0.0, 0.0, 1.6, 1.6, 0.0, 0.0, 1.6, 4.6, 0.0, 0.0]}
2025-02-16 05:18 - INFO - Encolando evento: {'cpu_usage': {'usage_total': 0.8, 'usage_per_core': [0.0, 0.0, 0.0, 0.0, 1.6, 1.6, 0.0, 0.0, 1.6, 4.6, 0.0, 0.0]}}
2025-02-16 05:18 - INFO - key: cpu_usage
2025-02-16 05:18 - INFO - value={'usage_total': 0.8, 'usage_per_core': [0.0, 0.0, 0.0, 0.0, 1.6, 1.6, 0.0, 0.0, 1.6, 4.6, 0.0, 0.0]}
2025-02-16 05:18 - INFO - Data memory measure: {'total': 34258022400, 'available': 17611116544, 'percent': 48.6, 'used': 16646905856, 'free': 17611116544}
2025-02-16 05:18 - INFO - Encolando evento: {'memory_usage': {'total': 34258022400, 'available': 17611116544, 'percent': 48.6, 'used': 16646905856, 'free': 17611116544}}
2025-02-16 05:18 - INFO - key: memory_usage
2025-02-16 05:18 - INFO - value={'total': 34258022400, 'available': 17611116544, 'percent': 48.6, 'used': 16646905856, 'free': 17611116544}
2025-02-16 05:18 - INFO - Encolando evento: {'cpu_usage': {'total': 34258022400, 'available': 17611116544, 'percent': 48.6, 'used': 16646905856, 'free': 17611116544}}
2025-02-16 05:18 - INFO - key: cpu_usage
2025-02-16 05:18 - INFO - value={'total': 34258022400, 'available': 17611116544, 'percent': 48.6, 'used': 16646905856, 'free': 17611116544}
2025-02-16 05:18 - INFO - Data cpu measure: {'usage_total': 3.8, 'usage_per_core': [1.6, 1.6, 3.1, 3.1, 9.2, 9.2, 0.0, 0.0, 3.1, 13.6, 0.0, 0.0]}
2025-02-16 05:18 - INFO - Encolando evento: {'cpu_usage': {'usage_total': 3.8, 'usage_per_core': [1.6, 1.6, 3.1, 3.1, 9.2, 9.2, 0.0, 0.0, 3.1, 13.6, 0.0, 0.0]}}
2025-02-16 05:18 - INFO - key: cpu_usage
2025-02-16 05:18 - INFO - value={'usage_total': 3.8, 'usage_per_core': [1.6, 1.6, 3.1, 3.1, 9.2, 9.2, 0.0, 0.0, 3.1, 13.6, 0.0, 0.0]}
2025-02-16 05:18 - INFO - Data memory measure: {'total': 34258022400, 'available': 17607995392, 'percent': 48.6, 'used': 16650027008, 'free': 17607995392}
2025-02-16 05:18 - INFO - Encolando evento: {'memory_usage': {'total': 34258022400, 'available': 17607995392, 'percent': 48.6, 'used': 16650027008, 'free': 17607995392}}
2025-02-16 05:18 - INFO - key: memory_usage
2025-02-16 05:18 - INFO - value={'total': 34258022400, 'available': 17607995392, 'percent': 48.6, 'used': 16650027008, 'free': 17607995392}
2025-02-16 05:18 - INFO - Encolando evento: {'cpu_usage': {'total': 34258022400, 'available': 17607995392, 'percent': 48.6, 'used': 16650027008, 'free': 17607995392}}
2025-02-16 05:18 - INFO - key: cpu_usage
2025-02-16 05:18 - INFO - value={'total': 34258022400, 'available': 17607995392, 'percent': 48.6, 'used': 16650027008, 'free': 17607995392}
2025-02-16 05:18 - INFO - Data cpu measure: {'usage_total': 4.3, 'usage_per_core': [1.6, 0.0, 6.2, 3.1, 4.7, 10.9, 3.2, 0.0, 12.5, 6.2, 1.6, 1.6]}
2025-02-16 05:18 - INFO - Encolando evento: {'cpu_usage': {'usage_total': 4.3, 'usage_per_core': [1.6, 0.0, 6.2, 3.1, 4.7, 10.9, 3.2, 0.0, 12.5, 6.2, 1.6, 1.6]}}
2025-02-16 05:18 - INFO - key: cpu_usage
2025-02-16 05:18 - INFO - value={'usage_total': 4.3, 'usage_per_core': [1.6, 0.0, 6.2, 3.1, 4.7, 10.9, 3.2, 0.0, 12.5, 6.2, 1.6, 1.6]}
2025-02-16 05:18 - INFO - Data memory measure: {'total': 34258022400, 'available': 17606135808, 'percent': 48.6, 'used': 16651886592, 'free': 17606135808}
2025-02-16 05:18 - INFO - Encolando evento: {'memory_usage': {'total': 34258022400, 'available': 17606135808, 'percent': 48.6, 'used': 16651886592, 'free': 17606135808}}
2025-02-16 05:18 - INFO - key: memory_usage
2025-02-16 05:18 - INFO - value={'total': 34258022400, 'available': 17606135808, 'percent': 48.6, 'used': 16651886592, 'free': 17606135808}
2025-02-16 05:18 - INFO - Encolando evento: {'cpu_usage': {'total': 34258022400, 'available': 17606135808, 'percent': 48.6, 'used': 16651886592, 'free': 17606135808}}
2025-02-16 05:18 - INFO - key: cpu_usage
2025-02-16 05:18 - INFO - value={'total': 34258022400, 'available': 17606135808, 'percent': 48.6, 'used': 16651886592, 'free': 17606135808}
2025-02-16 05:18 - INFO - Data cpu measure: {'usage_total': 7.5, 'usage_per_core': [4.6, 9.2, 6.2, 10.8, 6.2, 21.5, 1.5, 1.5, 6.2, 16.7, 1.5, 4.5]}
2025-02-16 05:18 - INFO - Encolando evento: {'cpu_usage': {'usage_total': 7.5, 'usage_per_core': [4.6, 9.2, 6.2, 10.8, 6.2, 21.5, 1.5, 1.5, 6.2, 16.7, 1.5, 4.5]}}
2025-02-16 05:18 - INFO - key: cpu_usage
2025-02-16 05:18 - INFO - value={'usage_total': 7.5, 'usage_per_core': [4.6, 9.2, 6.2, 10.8, 6.2, 21.5, 1.5, 1.5, 6.2, 16.7, 1.5, 4.5]}
2025-02-16 05:18 - INFO - Data memory measure: {'total': 34258022400, 'available': 17595932672, 'percent': 48.6, 'used': 16662089728, 'free': 17595932672}
2025-02-16 05:18 - INFO - Encolando evento: {'memory_usage': {'total': 34258022400, 'available': 17595932672, 'percent': 48.6, 'used': 16662089728, 'free': 17595932672}}
2025-02-16 05:18 - INFO - key: memory_usage
2025-02-16 05:18 - INFO - value={'total': 34258022400, 'available': 17595932672, 'percent': 48.6, 'used': 16662089728, 'free': 17595932672}
2025-02-16 05:18 - INFO - Encolando evento: {'cpu_usage': {'total': 34258022400, 'available': 17595932672, 'percent': 48.6, 'used': 16662089728, 'free': 17595932672}}
2025-02-16 05:18 - INFO - key: cpu_usage
2025-02-16 05:18 - INFO - value={'total': 34258022400, 'available': 17595932672, 'percent': 48.6, 'used': 16662089728, 'free': 17595932672}
2025-02-16 05:18 - INFO - Data cpu measure: {'usage_total': 7.6, 'usage_per_core': [9.0, 3.1, 7.5, 10.8, 13.8, 15.4, 3.1, 3.1, 12.1, 9.1, 1.6, 3.1]}
2025-02-16 05:18 - INFO - Encolando evento: {'cpu_usage': {'usage_total': 7.6, 'usage_per_core': [9.0, 3.1, 7.5, 10.8, 13.8, 15.4, 3.1, 3.1, 12.1, 9.1, 1.6, 3.1]}}
2025-02-16 05:18 - INFO - key: cpu_usage
2025-02-16 05:18 - INFO - value={'usage_total': 7.6, 'usage_per_core': [9.0, 3.1, 7.5, 10.8, 13.8, 15.4, 3.1, 3.1, 12.1, 9.1, 1.6, 3.1]}
2025-02-16 05:18 - INFO - Data memory measure: {'total': 34258022400, 'available': 17599680512, 'percent': 48.6, 'used': 16658341888, 'free': 17599680512}
2025-02-16 05:18 - INFO - Encolando evento: {'memory_usage': {'total': 34258022400, 'available': 17599680512, 'percent': 48.6, 'used': 16658341888, 'free': 17599680512}}
2025-02-16 05:18 - INFO - key: memory_usage
2025-02-16 05:18 - INFO - value={'total': 34258022400, 'available': 17599680512, 'percent': 48.6, 'used': 16658341888, 'free': 17599680512}
2025-02-16 05:18 - INFO - Encolando evento: {'cpu_usage': {'total': 34258022400, 'available': 17599680512, 'percent': 48.6, 'used': 16658341888, 'free': 17599680512}}
2025-02-16 05:18 - INFO - key: cpu_usage
2025-02-16 05:18 - INFO - value={'total': 34258022400, 'available': 17599680512, 'percent': 48.6, 'used': 16658341888, 'free': 17599680512}
2025-02-16 05:18 - INFO - Data cpu measure: {'usage_total': 13.9, 'usage_per_core': [10.9, 9.4, 13.8, 17.2, 31.2, 9.4, 9.2, 10.8, 18.8, 18.8, 7.7, 9.2]}
2025-02-16 05:18 - INFO - Encolando evento: {'cpu_usage': {'usage_total': 13.9, 'usage_per_core': [10.9, 9.4, 13.8, 17.2, 31.2, 9.4, 9.2, 10.8, 18.8, 18.8, 7.7, 9.2]}}
2025-02-16 05:18 - INFO - key: cpu_usage
2025-02-16 05:18 - INFO - value={'usage_total': 13.9, 'usage_per_core': [10.9, 9.4, 13.8, 17.2, 31.2, 9.4, 9.2, 10.8, 18.8, 18.8, 7.7, 9.2]}
2025-02-16 05:18 - INFO - Data memory measure: {'total': 34258022400, 'available': 17606631424, 'percent': 48.6, 'used': 16651390976, 'free': 17606631424}
2025-02-16 05:18 - INFO - Encolando evento: {'memory_usage': {'total': 34258022400, 'available': 17606631424, 'percent': 48.6, 'used': 16651390976, 'free': 17606631424}}
2025-02-16 05:18 - INFO - key: memory_usage
2025-02-16 05:18 - INFO - value={'total': 34258022400, 'available': 17606631424, 'percent': 48.6, 'used': 16651390976, 'free': 17606631424}
2025-02-16 05:18 - INFO - Encolando evento: {'cpu_usage': {'total': 34258022400, 'available': 17606631424, 'percent': 48.6, 'used': 16651390976, 'free': 17606631424}}
2025-02-16 05:18 - INFO - key: cpu_usage
2025-02-16 05:18 - INFO - value={'total': 34258022400, 'available': 17606631424, 'percent': 48.6, 'used': 16651390976, 'free': 17606631424}
2025-02-16 05:18 - INFO - Data cpu measure: {'usage_total': 4.4, 'usage_per_core': [1.6, 0.0, 1.6, 6.2, 9.4, 9.4, 0.0, 1.6, 10.9, 12.3, 0.0, 0.0]}
2025-02-16 05:18 - INFO - Encolando evento: {'cpu_usage': {'usage_total': 4.4, 'usage_per_core': [1.6, 0.0, 1.6, 6.2, 9.4, 9.4, 0.0, 1.6, 10.9, 12.3, 0.0, 0.0]}}
2025-02-16 05:18 - INFO - key: cpu_usage
2025-02-16 05:18 - INFO - value={'usage_total': 4.4, 'usage_per_core': [1.6, 0.0, 1.6, 6.2, 9.4, 9.4, 0.0, 1.6, 10.9, 12.3, 0.0, 0.0]}
2025-02-16 05:18 - INFO - Data memory measure: {'total': 34258022400, 'available': 17616519168, 'percent': 48.6, 'used': 16641503232, 'free': 17616519168}
2025-02-16 05:18 - INFO - Encolando evento: {'memory_usage': {'total': 34258022400, 'available': 17616519168, 'percent': 48.6, 'used': 16641503232, 'free': 17616519168}}
2025-02-16 05:18 - INFO - key: memory_usage
2025-02-16 05:18 - INFO - value={'total': 34258022400, 'available': 17616519168, 'percent': 48.6, 'used': 16641503232, 'free': 17616519168}
2025-02-16 05:18 - INFO - Encolando evento: {'cpu_usage': {'total': 34258022400, 'available': 17616519168, 'percent': 48.6, 'used': 16641503232, 'free': 17616519168}}
2025-02-16 05:18 - INFO - key: cpu_usage
2025-02-16 05:18 - INFO - value={'total': 34258022400, 'available': 17616519168, 'percent': 48.6, 'used': 16641503232, 'free': 17616519168}
2025-02-16 05:18 - INFO - Data cpu measure: {'usage_total': 8.1, 'usage_per_core': [4.6, 3.1, 7.7, 10.8, 21.5, 4.6, 3.0, 1.5, 20.0, 16.9, 1.5, 1.5]}
2025-02-16 05:18 - INFO - Encolando evento: {'cpu_usage': {'usage_total': 8.1, 'usage_per_core': [4.6, 3.1, 7.7, 10.8, 21.5, 4.6, 3.0, 1.5, 20.0, 16.9, 1.5, 1.5]}}
2025-02-16 05:18 - INFO - key: cpu_usage
2025-02-16 05:18 - INFO - value={'usage_total': 8.1, 'usage_per_core': [4.6, 3.1, 7.7, 10.8, 21.5, 4.6, 3.0, 1.5, 20.0, 16.9, 1.5, 1.5]}
2025-02-16 05:18 - INFO - Data memory measure: {'total': 34258022400, 'available': 17570770944, 'percent': 48.7, 'used': 16687251456, 'free': 17570770944}
2025-02-16 05:18 - INFO - Encolando evento: {'memory_usage': {'total': 34258022400, 'available': 17570770944, 'percent': 48.7, 'used': 16687251456, 'free': 17570770944}}
2025-02-16 05:18 - INFO - key: memory_usage
2025-02-16 05:18 - INFO - value={'total': 34258022400, 'available': 17570770944, 'percent': 48.7, 'used': 16687251456, 'free': 17570770944}
2025-02-16 05:18 - INFO - Encolando evento: {'cpu_usage': {'total': 34258022400, 'available': 17570770944, 'percent': 48.7, 'used': 16687251456, 'free': 17570770944}}
2025-02-16 05:18 - INFO - key: cpu_usage
2025-02-16 05:18 - INFO - value={'total': 34258022400, 'available': 17570770944, 'percent': 48.7, 'used': 16687251456, 'free': 17570770944}
2025-02-16 05:18 - INFO - Data cpu measure: {'usage_total': 5.9, 'usage_per_core': [4.7, 0.0, 12.3, 3.1, 15.6, 6.2, 3.2, 1.6, 9.4, 9.4, 4.8, 0.0]}
2025-02-16 05:18 - INFO - Encolando evento: {'cpu_usage': {'usage_total': 5.9, 'usage_per_core': [4.7, 0.0, 12.3, 3.1, 15.6, 6.2, 3.2, 1.6, 9.4, 9.4, 4.8, 0.0]}}
2025-02-16 05:18 - INFO - key: cpu_usage
2025-02-16 05:18 - INFO - value={'usage_total': 5.9, 'usage_per_core': [4.7, 0.0, 12.3, 3.1, 15.6, 6.2, 3.2, 1.6, 9.4, 9.4, 4.8, 0.0]}
2025-02-16 05:18 - INFO - Data memory measure: {'total': 34258022400, 'available': 17561473024, 'percent': 48.7, 'used': 16696549376, 'free': 17561473024}
2025-02-16 05:18 - INFO - Encolando evento: {'memory_usage': {'total': 34258022400, 'available': 17561473024, 'percent': 48.7, 'used': 16696549376, 'free': 17561473024}}
2025-02-16 05:18 - INFO - key: memory_usage
2025-02-16 05:18 - INFO - value={'total': 34258022400, 'available': 17561473024, 'percent': 48.7, 'used': 16696549376, 'free': 17561473024}
2025-02-16 05:18 - INFO - Encolando evento: {'cpu_usage': {'total': 34258022400, 'available': 17561473024, 'percent': 48.7, 'used': 16696549376, 'free': 17561473024}}
2025-02-16 05:18 - INFO - key: cpu_usage
2025-02-16 05:18 - INFO - value={'total': 34258022400, 'available': 17561473024, 'percent': 48.7, 'used': 16696549376, 'free': 17561473024}
2025-02-16 05:18 - INFO - Data cpu measure: {'usage_total': 1.5, 'usage_per_core': [3.0, 1.5, 0.0, 3.1, 3.1, 1.5, 0.0, 0.0, 1.5, 4.6, 0.0, 0.0]}
2025-02-16 05:18 - INFO - Encolando evento: {'cpu_usage': {'usage_total': 1.5, 'usage_per_core': [3.0, 1.5, 0.0, 3.1, 3.1, 1.5, 0.0, 0.0, 1.5, 4.6, 0.0, 0.0]}}
2025-02-16 05:18 - INFO - key: cpu_usage
2025-02-16 05:18 - INFO - value={'usage_total': 1.5, 'usage_per_core': [3.0, 1.5, 0.0, 3.1, 3.1, 1.5, 0.0, 0.0, 1.5, 4.6, 0.0, 0.0]}
2025-02-16 05:18 - INFO - Data memory measure: {'total': 34258022400, 'available': 17563160576, 'percent': 48.7, 'used': 16694861824, 'free': 17563160576}
2025-02-16 05:18 - INFO - Encolando evento: {'memory_usage': {'total': 34258022400, 'available': 17563160576, 'percent': 48.7, 'used': 16694861824, 'free': 17563160576}}
2025-02-16 05:18 - INFO - key: memory_usage
2025-02-16 05:18 - INFO - value={'total': 34258022400, 'available': 17563160576, 'percent': 48.7, 'used': 16694861824, 'free': 17563160576}
2025-02-16 05:18 - INFO - Encolando evento: {'cpu_usage': {'total': 34258022400, 'available': 17563160576, 'percent': 48.7, 'used': 16694861824, 'free': 17563160576}}
2025-02-16 05:18 - INFO - key: cpu_usage
2025-02-16 05:18 - INFO - value={'total': 34258022400, 'available': 17563160576, 'percent': 48.7, 'used': 16694861824, 'free': 17563160576}
2025-02-16 05:18 - INFO - Data cpu measure: {'usage_total': 2.9, 'usage_per_core': [6.1, 1.5, 0.0, 1.5, 3.1, 4.6, 0.0, 0.0, 9.1, 6.2, 0.0, 3.1]}
2025-02-16 05:18 - INFO - Encolando evento: {'cpu_usage': {'usage_total': 2.9, 'usage_per_core': [6.1, 1.5, 0.0, 1.5, 3.1, 4.6, 0.0, 0.0, 9.1, 6.2, 0.0, 3.1]}}
2025-02-16 05:18 - INFO - key: cpu_usage
2025-02-16 05:18 - INFO - value={'usage_total': 2.9, 'usage_per_core': [6.1, 1.5, 0.0, 1.5, 3.1, 4.6, 0.0, 0.0, 9.1, 6.2, 0.0, 3.1]}
2025-02-16 05:18 - INFO - Data memory measure: {'total': 34258022400, 'available': 17558745088, 'percent': 48.7, 'used': 16699277312, 'free': 17558745088}
2025-02-16 05:18 - INFO - Encolando evento: {'memory_usage': {'total': 34258022400, 'available': 17558745088, 'percent': 48.7, 'used': 16699277312, 'free': 17558745088}}
2025-02-16 05:18 - INFO - key: memory_usage
2025-02-16 05:18 - INFO - value={'total': 34258022400, 'available': 17558745088, 'percent': 48.7, 'used': 16699277312, 'free': 17558745088}
2025-02-16 05:18 - INFO - Encolando evento: {'cpu_usage': {'total': 34258022400, 'available': 17558745088, 'percent': 48.7, 'used': 16699277312, 'free': 17558745088}}
2025-02-16 05:18 - INFO - key: cpu_usage
2025-02-16 05:18 - INFO - value={'total': 34258022400, 'available': 17558745088, 'percent': 48.7, 'used': 16699277312, 'free': 17558745088}
2025-02-16 05:18 - INFO - Data cpu measure: {'usage_total': 1.0, 'usage_per_core': [1.5, 1.5, 0.0, 0.0, 0.0, 0.0, 0.0, 0.0, 6.2, 3.1, 0.0, 0.0]}
2025-02-16 05:18 - INFO - Encolando evento: {'cpu_usage': {'usage_total': 1.0, 'usage_per_core': [1.5, 1.5, 0.0, 0.0, 0.0, 0.0, 0.0, 0.0, 6.2, 3.1, 0.0, 0.0]}}
2025-02-16 05:18 - INFO - key: cpu_usage
2025-02-16 05:18 - INFO - value={'usage_total': 1.0, 'usage_per_core': [1.5, 1.5, 0.0, 0.0, 0.0, 0.0, 0.0, 0.0, 6.2, 3.1, 0.0, 0.0]}
2025-02-16 05:18 - INFO - Data memory measure: {'total': 34258022400, 'available': 17554051072, 'percent': 48.8, 'used': 16703971328, 'free': 17554051072}
2025-02-16 05:18 - INFO - Encolando evento: {'memory_usage': {'total': 34258022400, 'available': 17554051072, 'percent': 48.8, 'used': 16703971328, 'free': 17554051072}}
2025-02-16 05:18 - INFO - key: memory_usage
2025-02-16 05:18 - INFO - value={'total': 34258022400, 'available': 17554051072, 'percent': 48.8, 'used': 16703971328, 'free': 17554051072}
2025-02-16 05:18 - INFO - Encolando evento: {'cpu_usage': {'total': 34258022400, 'available': 17554051072, 'percent': 48.8, 'used': 16703971328, 'free': 17554051072}}
2025-02-16 05:18 - INFO - key: cpu_usage
2025-02-16 05:18 - INFO - value={'total': 34258022400, 'available': 17554051072, 'percent': 48.8, 'used': 16703971328, 'free': 17554051072}
2025-02-16 05:18 - INFO - Data cpu measure: {'usage_total': 1.2, 'usage_per_core': [0.0, 0.0, 1.6, 1.6, 3.1, 1.6, 0.0, 0.0, 1.6, 4.7, 0.0, 0.0]}
2025-02-16 05:18 - INFO - Encolando evento: {'cpu_usage': {'usage_total': 1.2, 'usage_per_core': [0.0, 0.0, 1.6, 1.6, 3.1, 1.6, 0.0, 0.0, 1.6, 4.7, 0.0, 0.0]}}
2025-02-16 05:18 - INFO - key: cpu_usage
2025-02-16 05:18 - INFO - value={'usage_total': 1.2, 'usage_per_core': [0.0, 0.0, 1.6, 1.6, 3.1, 1.6, 0.0, 0.0, 1.6, 4.7, 0.0, 0.0]}
2025-02-16 05:18 - INFO - Data memory measure: {'total': 34258022400, 'available': 17553154048, 'percent': 48.8, 'used': 16704868352, 'free': 17553154048}
2025-02-16 05:18 - INFO - Encolando evento: {'memory_usage': {'total': 34258022400, 'available': 17553154048, 'percent': 48.8, 'used': 16704868352, 'free': 17553154048}}
2025-02-16 05:18 - INFO - key: memory_usage
2025-02-16 05:18 - INFO - value={'total': 34258022400, 'available': 17553154048, 'percent': 48.8, 'used': 16704868352, 'free': 17553154048}
2025-02-16 05:18 - INFO - Encolando evento: {'cpu_usage': {'total': 34258022400, 'available': 17553154048, 'percent': 48.8, 'used': 16704868352, 'free': 17553154048}}
2025-02-16 05:18 - INFO - key: cpu_usage
2025-02-16 05:18 - INFO - value={'total': 34258022400, 'available': 17553154048, 'percent': 48.8, 'used': 16704868352, 'free': 17553154048}
2025-02-16 05:18 - INFO - Data cpu measure: {'usage_total': 2.7, 'usage_per_core': [3.0, 3.1, 0.0, 3.1, 1.5, 9.2, 0.0, 0.0, 3.1, 6.2, 0.0, 3.1]}
2025-02-16 05:18 - INFO - Encolando evento: {'cpu_usage': {'usage_total': 2.7, 'usage_per_core': [3.0, 3.1, 0.0, 3.1, 1.5, 9.2, 0.0, 0.0, 3.1, 6.2, 0.0, 3.1]}}
2025-02-16 05:18 - INFO - key: cpu_usage
2025-02-16 05:18 - INFO - value={'usage_total': 2.7, 'usage_per_core': [3.0, 3.1, 0.0, 3.1, 1.5, 9.2, 0.0, 0.0, 3.1, 6.2, 0.0, 3.1]}
2025-02-16 05:18 - INFO - Data memory measure: {'total': 34258022400, 'available': 17553936384, 'percent': 48.8, 'used': 16704086016, 'free': 17553936384}
2025-02-16 05:18 - INFO - Encolando evento: {'memory_usage': {'total': 34258022400, 'available': 17553936384, 'percent': 48.8, 'used': 16704086016, 'free': 17553936384}}
2025-02-16 05:18 - INFO - key: memory_usage
2025-02-16 05:18 - INFO - value={'total': 34258022400, 'available': 17553936384, 'percent': 48.8, 'used': 16704086016, 'free': 17553936384}
2025-02-16 05:18 - INFO - Encolando evento: {'cpu_usage': {'total': 34258022400, 'available': 17553936384, 'percent': 48.8, 'used': 16704086016, 'free': 17553936384}}
2025-02-16 05:18 - INFO - key: cpu_usage
2025-02-16 05:18 - INFO - value={'total': 34258022400, 'available': 17553936384, 'percent': 48.8, 'used': 16704086016, 'free': 17553936384}
2025-02-16 05:18 - INFO - Data cpu measure: {'usage_total': 2.8, 'usage_per_core': [1.6, 0.0, 0.0, 4.6, 12.1, 4.7, 1.6, 0.0, 3.1, 4.6, 1.6, 0.0]}
2025-02-16 05:18 - INFO - Encolando evento: {'cpu_usage': {'usage_total': 2.8, 'usage_per_core': [1.6, 0.0, 0.0, 4.6, 12.1, 4.7, 1.6, 0.0, 3.1, 4.6, 1.6, 0.0]}}
2025-02-16 05:18 - INFO - key: cpu_usage
2025-02-16 05:18 - INFO - value={'usage_total': 2.8, 'usage_per_core': [1.6, 0.0, 0.0, 4.6, 12.1, 4.7, 1.6, 0.0, 3.1, 4.6, 1.6, 0.0]}
2025-02-16 05:18 - INFO - Data memory measure: {'total': 34258022400, 'available': 17553432576, 'percent': 48.8, 'used': 16704589824, 'free': 17553432576}
2025-02-16 05:18 - INFO - Encolando evento: {'memory_usage': {'total': 34258022400, 'available': 17553432576, 'percent': 48.8, 'used': 16704589824, 'free': 17553432576}}
2025-02-16 05:18 - INFO - key: memory_usage
2025-02-16 05:18 - INFO - value={'total': 34258022400, 'available': 17553432576, 'percent': 48.8, 'used': 16704589824, 'free': 17553432576}
2025-02-16 05:18 - INFO - Encolando evento: {'cpu_usage': {'total': 34258022400, 'available': 17553432576, 'percent': 48.8, 'used': 16704589824, 'free': 17553432576}}
2025-02-16 05:18 - INFO - key: cpu_usage
2025-02-16 05:18 - INFO - value={'total': 34258022400, 'available': 17553432576, 'percent': 48.8, 'used': 16704589824, 'free': 17553432576}
2025-02-16 05:18 - INFO - Data cpu measure: {'usage_total': 1.7, 'usage_per_core': [0.0, 0.0, 1.5, 0.0, 4.6, 4.6, 0.0, 1.5, 3.1, 3.1, 1.5, 0.0]}
2025-02-16 05:18 - INFO - Encolando evento: {'cpu_usage': {'usage_total': 1.7, 'usage_per_core': [0.0, 0.0, 1.5, 0.0, 4.6, 4.6, 0.0, 1.5, 3.1, 3.1, 1.5, 0.0]}}
2025-02-16 05:18 - INFO - key: cpu_usage
2025-02-16 05:18 - INFO - value={'usage_total': 1.7, 'usage_per_core': [0.0, 0.0, 1.5, 0.0, 4.6, 4.6, 0.0, 1.5, 3.1, 3.1, 1.5, 0.0]}
2025-02-16 05:18 - INFO - Data memory measure: {'total': 34258022400, 'available': 17557626880, 'percent': 48.7, 'used': 16700395520, 'free': 17557626880}
2025-02-16 05:18 - INFO - Encolando evento: {'memory_usage': {'total': 34258022400, 'available': 17557626880, 'percent': 48.7, 'used': 16700395520, 'free': 17557626880}}
2025-02-16 05:18 - INFO - key: memory_usage
2025-02-16 05:18 - INFO - value={'total': 34258022400, 'available': 17557626880, 'percent': 48.7, 'used': 16700395520, 'free': 17557626880}
2025-02-16 05:18 - INFO - Encolando evento: {'cpu_usage': {'total': 34258022400, 'available': 17557626880, 'percent': 48.7, 'used': 16700395520, 'free': 17557626880}}
2025-02-16 05:18 - INFO - key: cpu_usage
2025-02-16 05:18 - INFO - value={'total': 34258022400, 'available': 17557626880, 'percent': 48.7, 'used': 16700395520, 'free': 17557626880}
2025-02-16 05:19 - INFO - Data cpu measure: {'usage_total': 2.9, 'usage_per_core': [1.5, 0.0, 1.5, 1.5, 4.6, 9.2, 0.0, 1.5, 3.1, 6.2, 1.5, 4.6]}
2025-02-16 05:19 - INFO - Encolando evento: {'cpu_usage': {'usage_total': 2.9, 'usage_per_core': [1.5, 0.0, 1.5, 1.5, 4.6, 9.2, 0.0, 1.5, 3.1, 6.2, 1.5, 4.6]}}
2025-02-16 05:19 - INFO - key: cpu_usage
2025-02-16 05:19 - INFO - value={'usage_total': 2.9, 'usage_per_core': [1.5, 0.0, 1.5, 1.5, 4.6, 9.2, 0.0, 1.5, 3.1, 6.2, 1.5, 4.6]}
2025-02-16 05:19 - INFO - Data memory measure: {'total': 34258022400, 'available': 17559097344, 'percent': 48.7, 'used': 16698925056, 'free': 17559097344}
2025-02-16 05:19 - INFO - Encolando evento: {'memory_usage': {'total': 34258022400, 'available': 17559097344, 'percent': 48.7, 'used': 16698925056, 'free': 17559097344}}
2025-02-16 05:19 - INFO - key: memory_usage
2025-02-16 05:19 - INFO - value={'total': 34258022400, 'available': 17559097344, 'percent': 48.7, 'used': 16698925056, 'free': 17559097344}
2025-02-16 05:19 - INFO - Encolando evento: {'cpu_usage': {'total': 34258022400, 'available': 17559097344, 'percent': 48.7, 'used': 16698925056, 'free': 17559097344}}
2025-02-16 05:19 - INFO - key: cpu_usage
2025-02-16 05:19 - INFO - value={'total': 34258022400, 'available': 17559097344, 'percent': 48.7, 'used': 16698925056, 'free': 17559097344}
2025-02-16 05:19 - INFO - Data cpu measure: {'usage_total': 2.7, 'usage_per_core': [3.0, 3.1, 0.0, 1.5, 6.2, 10.8, 1.6, 1.6, 0.0, 4.6, 0.0, 0.0]}
2025-02-16 05:19 - INFO - Encolando evento: {'cpu_usage': {'usage_total': 2.7, 'usage_per_core': [3.0, 3.1, 0.0, 1.5, 6.2, 10.8, 1.6, 1.6, 0.0, 4.6, 0.0, 0.0]}}
2025-02-16 05:19 - INFO - key: cpu_usage
2025-02-16 05:19 - INFO - value={'usage_total': 2.7, 'usage_per_core': [3.0, 3.1, 0.0, 1.5, 6.2, 10.8, 1.6, 1.6, 0.0, 4.6, 0.0, 0.0]}
2025-02-16 05:19 - INFO - Data memory measure: {'total': 34258022400, 'available': 17555062784, 'percent': 48.8, 'used': 16702959616, 'free': 17555062784}
2025-02-16 05:19 - INFO - Encolando evento: {'memory_usage': {'total': 34258022400, 'available': 17555062784, 'percent': 48.8, 'used': 16702959616, 'free': 17555062784}}
2025-02-16 05:19 - INFO - key: memory_usage
2025-02-16 05:19 - INFO - value={'total': 34258022400, 'available': 17555062784, 'percent': 48.8, 'used': 16702959616, 'free': 17555062784}
2025-02-16 05:19 - INFO - Encolando evento: {'cpu_usage': {'total': 34258022400, 'available': 17555062784, 'percent': 48.8, 'used': 16702959616, 'free': 17555062784}}
2025-02-16 05:19 - INFO - key: cpu_usage
2025-02-16 05:19 - INFO - value={'total': 34258022400, 'available': 17555062784, 'percent': 48.8, 'used': 16702959616, 'free': 17555062784}
2025-02-16 05:19 - INFO - Data cpu measure: {'usage_total': 1.6, 'usage_per_core': [0.0, 0.0, 1.6, 3.1, 4.7, 4.7, 0.0, 0.0, 1.6, 3.1, 0.0, 0.0]}
2025-02-16 05:19 - INFO - Encolando evento: {'cpu_usage': {'usage_total': 1.6, 'usage_per_core': [0.0, 0.0, 1.6, 3.1, 4.7, 4.7, 0.0, 0.0, 1.6, 3.1, 0.0, 0.0]}}
2025-02-16 05:19 - INFO - key: cpu_usage
2025-02-16 05:19 - INFO - value={'usage_total': 1.6, 'usage_per_core': [0.0, 0.0, 1.6, 3.1, 4.7, 4.7, 0.0, 0.0, 1.6, 3.1, 0.0, 0.0]}
2025-02-16 05:19 - INFO - Data memory measure: {'total': 34258022400, 'available': 17555365888, 'percent': 48.8, 'used': 16702656512, 'free': 17555365888}
2025-02-16 05:19 - INFO - Encolando evento: {'memory_usage': {'total': 34258022400, 'available': 17555365888, 'percent': 48.8, 'used': 16702656512, 'free': 17555365888}}
2025-02-16 05:19 - INFO - key: memory_usage
2025-02-16 05:19 - INFO - value={'total': 34258022400, 'available': 17555365888, 'percent': 48.8, 'used': 16702656512, 'free': 17555365888}
2025-02-16 05:19 - INFO - Encolando evento: {'cpu_usage': {'total': 34258022400, 'available': 17555365888, 'percent': 48.8, 'used': 16702656512, 'free': 17555365888}}
2025-02-16 05:19 - INFO - key: cpu_usage
2025-02-16 05:19 - INFO - value={'total': 34258022400, 'available': 17555365888, 'percent': 48.8, 'used': 16702656512, 'free': 17555365888}
2025-02-16 05:19 - INFO - Data cpu measure: {'usage_total': 1.5, 'usage_per_core': [1.5, 1.5, 1.5, 1.5, 1.5, 3.1, 0.0, 0.0, 3.1, 4.6, 0.0, 0.0]}
2025-02-16 05:19 - INFO - Encolando evento: {'cpu_usage': {'usage_total': 1.5, 'usage_per_core': [1.5, 1.5, 1.5, 1.5, 1.5, 3.1, 0.0, 0.0, 3.1, 4.6, 0.0, 0.0]}}
2025-02-16 05:19 - INFO - key: cpu_usage
2025-02-16 05:19 - INFO - value={'usage_total': 1.5, 'usage_per_core': [1.5, 1.5, 1.5, 1.5, 1.5, 3.1, 0.0, 0.0, 3.1, 4.6, 0.0, 0.0]}
2025-02-16 05:19 - INFO - Data memory measure: {'total': 34258022400, 'available': 17555156992, 'percent': 48.8, 'used': 16702865408, 'free': 17555156992}
2025-02-16 05:19 - INFO - Encolando evento: {'memory_usage': {'total': 34258022400, 'available': 17555156992, 'percent': 48.8, 'used': 16702865408, 'free': 17555156992}}
2025-02-16 05:19 - INFO - key: memory_usage
2025-02-16 05:19 - INFO - value={'total': 34258022400, 'available': 17555156992, 'percent': 48.8, 'used': 16702865408, 'free': 17555156992}
2025-02-16 05:19 - INFO - Encolando evento: {'cpu_usage': {'total': 34258022400, 'available': 17555156992, 'percent': 48.8, 'used': 16702865408, 'free': 17555156992}}
2025-02-16 05:19 - INFO - key: cpu_usage
2025-02-16 05:19 - INFO - value={'total': 34258022400, 'available': 17555156992, 'percent': 48.8, 'used': 16702865408, 'free': 17555156992}
2025-02-16 05:19 - INFO - Data cpu measure: {'usage_total': 2.7, 'usage_per_core': [3.1, 1.6, 3.1, 1.6, 1.6, 1.6, 0.0, 0.0, 4.7, 6.2, 3.1, 3.1]}
2025-02-16 05:19 - INFO - Encolando evento: {'cpu_usage': {'usage_total': 2.7, 'usage_per_core': [3.1, 1.6, 3.1, 1.6, 1.6, 1.6, 0.0, 0.0, 4.7, 6.2, 3.1, 3.1]}}
2025-02-16 05:19 - INFO - key: cpu_usage
2025-02-16 05:19 - INFO - value={'usage_total': 2.7, 'usage_per_core': [3.1, 1.6, 3.1, 1.6, 1.6, 1.6, 0.0, 0.0, 4.7, 6.2, 3.1, 3.1]}
2025-02-16 05:19 - INFO - Data memory measure: {'total': 34258022400, 'available': 17554657280, 'percent': 48.8, 'used': 16703365120, 'free': 17554657280}
2025-02-16 05:19 - INFO - Encolando evento: {'memory_usage': {'total': 34258022400, 'available': 17554657280, 'percent': 48.8, 'used': 16703365120, 'free': 17554657280}}
2025-02-16 05:19 - INFO - key: memory_usage
2025-02-16 05:19 - INFO - value={'total': 34258022400, 'available': 17554657280, 'percent': 48.8, 'used': 16703365120, 'free': 17554657280}
2025-02-16 05:19 - INFO - Encolando evento: {'cpu_usage': {'total': 34258022400, 'available': 17554657280, 'percent': 48.8, 'used': 16703365120, 'free': 17554657280}}
2025-02-16 05:19 - INFO - key: cpu_usage
2025-02-16 05:19 - INFO - value={'total': 34258022400, 'available': 17554657280, 'percent': 48.8, 'used': 16703365120, 'free': 17554657280}
2025-02-16 05:19 - INFO - Data cpu measure: {'usage_total': 2.3, 'usage_per_core': [0.0, 1.5, 3.1, 1.5, 4.6, 7.6, 0.0, 0.0, 3.1, 9.1, 0.0, 0.0]}
2025-02-16 05:19 - INFO - Encolando evento: {'cpu_usage': {'usage_total': 2.3, 'usage_per_core': [0.0, 1.5, 3.1, 1.5, 4.6, 7.6, 0.0, 0.0, 3.1, 9.1, 0.0, 0.0]}}
2025-02-16 05:19 - INFO - key: cpu_usage
2025-02-16 05:19 - INFO - value={'usage_total': 2.3, 'usage_per_core': [0.0, 1.5, 3.1, 1.5, 4.6, 7.6, 0.0, 0.0, 3.1, 9.1, 0.0, 0.0]}
2025-02-16 05:19 - INFO - Data memory measure: {'total': 34258022400, 'available': 17563197440, 'percent': 48.7, 'used': 16694824960, 'free': 17563197440}
2025-02-16 05:19 - INFO - Encolando evento: {'memory_usage': {'total': 34258022400, 'available': 17563197440, 'percent': 48.7, 'used': 16694824960, 'free': 17563197440}}
2025-02-16 05:19 - INFO - key: memory_usage
2025-02-16 05:19 - INFO - value={'total': 34258022400, 'available': 17563197440, 'percent': 48.7, 'used': 16694824960, 'free': 17563197440}
2025-02-16 05:19 - INFO - Encolando evento: {'cpu_usage': {'total': 34258022400, 'available': 17563197440, 'percent': 48.7, 'used': 16694824960, 'free': 17563197440}}
2025-02-16 05:19 - INFO - key: cpu_usage
2025-02-16 05:19 - INFO - value={'total': 34258022400, 'available': 17563197440, 'percent': 48.7, 'used': 16694824960, 'free': 17563197440}
2025-02-16 05:19 - INFO - Data cpu measure: {'usage_total': 5.7, 'usage_per_core': [4.6, 3.1, 4.7, 6.2, 20.3, 7.8, 0.0, 1.6, 10.9, 4.7, 1.6, 3.2]}
2025-02-16 05:19 - INFO - Encolando evento: {'cpu_usage': {'usage_total': 5.7, 'usage_per_core': [4.6, 3.1, 4.7, 6.2, 20.3, 7.8, 0.0, 1.6, 10.9, 4.7, 1.6, 3.2]}}
2025-02-16 05:19 - INFO - key: cpu_usage
2025-02-16 05:19 - INFO - value={'usage_total': 5.7, 'usage_per_core': [4.6, 3.1, 4.7, 6.2, 20.3, 7.8, 0.0, 1.6, 10.9, 4.7, 1.6, 3.2]}
2025-02-16 05:19 - INFO - Data memory measure: {'total': 34258022400, 'available': 17633140736, 'percent': 48.5, 'used': 16624881664, 'free': 17633140736}
2025-02-16 05:19 - INFO - Encolando evento: {'memory_usage': {'total': 34258022400, 'available': 17633140736, 'percent': 48.5, 'used': 16624881664, 'free': 17633140736}}
2025-02-16 05:19 - INFO - key: memory_usage
2025-02-16 05:19 - INFO - value={'total': 34258022400, 'available': 17633140736, 'percent': 48.5, 'used': 16624881664, 'free': 17633140736}
2025-02-16 05:19 - INFO - Encolando evento: {'cpu_usage': {'total': 34258022400, 'available': 17633140736, 'percent': 48.5, 'used': 16624881664, 'free': 17633140736}}
2025-02-16 05:19 - INFO - key: cpu_usage
2025-02-16 05:19 - INFO - value={'total': 34258022400, 'available': 17633140736, 'percent': 48.5, 'used': 16624881664, 'free': 17633140736}
2025-02-16 05:19 - INFO - Data cpu measure: {'usage_total': 2.8, 'usage_per_core': [0.0, 3.1, 0.0, 1.5, 9.2, 9.2, 1.5, 0.0, 0.0, 9.2, 0.0, 0.0]}
2025-02-16 05:19 - INFO - Encolando evento: {'cpu_usage': {'usage_total': 2.8, 'usage_per_core': [0.0, 3.1, 0.0, 1.5, 9.2, 9.2, 1.5, 0.0, 0.0, 9.2, 0.0, 0.0]}}
2025-02-16 05:19 - INFO - key: cpu_usage
2025-02-16 05:19 - INFO - value={'usage_total': 2.8, 'usage_per_core': [0.0, 3.1, 0.0, 1.5, 9.2, 9.2, 1.5, 0.0, 0.0, 9.2, 0.0, 0.0]}
2025-02-16 05:19 - INFO - Data memory measure: {'total': 34258022400, 'available': 17616236544, 'percent': 48.6, 'used': 16641785856, 'free': 17616236544}
2025-02-16 05:19 - INFO - Encolando evento: {'memory_usage': {'total': 34258022400, 'available': 17616236544, 'percent': 48.6, 'used': 16641785856, 'free': 17616236544}}
2025-02-16 05:19 - INFO - key: memory_usage
2025-02-16 05:19 - INFO - value={'total': 34258022400, 'available': 17616236544, 'percent': 48.6, 'used': 16641785856, 'free': 17616236544}
2025-02-16 05:19 - INFO - Encolando evento: {'cpu_usage': {'total': 34258022400, 'available': 17616236544, 'percent': 48.6, 'used': 16641785856, 'free': 17616236544}}
2025-02-16 05:19 - INFO - key: cpu_usage
2025-02-16 05:19 - INFO - value={'total': 34258022400, 'available': 17616236544, 'percent': 48.6, 'used': 16641785856, 'free': 17616236544}
2025-02-16 05:19 - INFO - Data cpu measure: {'usage_total': 5.6, 'usage_per_core': [13.2, 3.1, 4.5, 7.7, 4.6, 6.2, 0.0, 1.5, 10.8, 13.8, 1.5, 0.0]}
2025-02-16 05:19 - INFO - Encolando evento: {'cpu_usage': {'usage_total': 5.6, 'usage_per_core': [13.2, 3.1, 4.5, 7.7, 4.6, 6.2, 0.0, 1.5, 10.8, 13.8, 1.5, 0.0]}}
2025-02-16 05:19 - INFO - key: cpu_usage
2025-02-16 05:19 - INFO - value={'usage_total': 5.6, 'usage_per_core': [13.2, 3.1, 4.5, 7.7, 4.6, 6.2, 0.0, 1.5, 10.8, 13.8, 1.5, 0.0]}
2025-02-16 05:19 - INFO - Data memory measure: {'total': 34258022400, 'available': 17610096640, 'percent': 48.6, 'used': 16647925760, 'free': 17610096640}
2025-02-16 05:19 - INFO - Encolando evento: {'memory_usage': {'total': 34258022400, 'available': 17610096640, 'percent': 48.6, 'used': 16647925760, 'free': 17610096640}}
2025-02-16 05:19 - INFO - key: memory_usage
2025-02-16 05:19 - INFO - value={'total': 34258022400, 'available': 17610096640, 'percent': 48.6, 'used': 16647925760, 'free': 17610096640}
2025-02-16 05:19 - INFO - Encolando evento: {'cpu_usage': {'total': 34258022400, 'available': 17610096640, 'percent': 48.6, 'used': 16647925760, 'free': 17610096640}}
2025-02-16 05:19 - INFO - key: cpu_usage
2025-02-16 05:19 - INFO - value={'total': 34258022400, 'available': 17610096640, 'percent': 48.6, 'used': 16647925760, 'free': 17610096640}
2025-02-16 05:19 - INFO - Data cpu measure: {'usage_total': 4.8, 'usage_per_core': [9.0, 3.1, 7.8, 3.1, 10.9, 3.1, 0.0, 0.0, 6.2, 9.4, 4.7, 0.0]}
2025-02-16 05:19 - INFO - Encolando evento: {'cpu_usage': {'usage_total': 4.8, 'usage_per_core': [9.0, 3.1, 7.8, 3.1, 10.9, 3.1, 0.0, 0.0, 6.2, 9.4, 4.7, 0.0]}}
2025-02-16 05:19 - INFO - key: cpu_usage
2025-02-16 05:19 - INFO - value={'usage_total': 4.8, 'usage_per_core': [9.0, 3.1, 7.8, 3.1, 10.9, 3.1, 0.0, 0.0, 6.2, 9.4, 4.7, 0.0]}
2025-02-16 05:19 - INFO - Data memory measure: {'total': 34258022400, 'available': 17614340096, 'percent': 48.6, 'used': 16643682304, 'free': 17614340096}
2025-02-16 05:19 - INFO - Encolando evento: {'memory_usage': {'total': 34258022400, 'available': 17614340096, 'percent': 48.6, 'used': 16643682304, 'free': 17614340096}}
2025-02-16 05:19 - INFO - key: memory_usage
2025-02-16 05:19 - INFO - value={'total': 34258022400, 'available': 17614340096, 'percent': 48.6, 'used': 16643682304, 'free': 17614340096}
2025-02-16 05:19 - INFO - Encolando evento: {'cpu_usage': {'total': 34258022400, 'available': 17614340096, 'percent': 48.6, 'used': 16643682304, 'free': 17614340096}}
2025-02-16 05:19 - INFO - key: cpu_usage
2025-02-16 05:19 - INFO - value={'total': 34258022400, 'available': 17614340096, 'percent': 48.6, 'used': 16643682304, 'free': 17614340096}
2025-02-16 05:19 - INFO - Data cpu measure: {'usage_total': 6.3, 'usage_per_core': [3.0, 1.5, 1.5, 4.6, 24.6, 7.7, 0.0, 0.0, 13.8, 15.2, 1.5, 1.5]}
2025-02-16 05:19 - INFO - Encolando evento: {'cpu_usage': {'usage_total': 6.3, 'usage_per_core': [3.0, 1.5, 1.5, 4.6, 24.6, 7.7, 0.0, 0.0, 13.8, 15.2, 1.5, 1.5]}}
2025-02-16 05:19 - INFO - key: cpu_usage
2025-02-16 05:19 - INFO - value={'usage_total': 6.3, 'usage_per_core': [3.0, 1.5, 1.5, 4.6, 24.6, 7.7, 0.0, 0.0, 13.8, 15.2, 1.5, 1.5]}
2025-02-16 05:19 - INFO - Data memory measure: {'total': 34258022400, 'available': 17615147008, 'percent': 48.6, 'used': 16642875392, 'free': 17615147008}
2025-02-16 05:19 - INFO - Encolando evento: {'memory_usage': {'total': 34258022400, 'available': 17615147008, 'percent': 48.6, 'used': 16642875392, 'free': 17615147008}}
2025-02-16 05:19 - INFO - key: memory_usage
2025-02-16 05:19 - INFO - value={'total': 34258022400, 'available': 17615147008, 'percent': 48.6, 'used': 16642875392, 'free': 17615147008}
2025-02-16 05:19 - INFO - Encolando evento: {'cpu_usage': {'total': 34258022400, 'available': 17615147008, 'percent': 48.6, 'used': 16642875392, 'free': 17615147008}}
2025-02-16 05:19 - INFO - key: cpu_usage
2025-02-16 05:19 - INFO - value={'total': 34258022400, 'available': 17615147008, 'percent': 48.6, 'used': 16642875392, 'free': 17615147008}
2025-02-16 05:19 - INFO - Data cpu measure: {'usage_total': 3.2, 'usage_per_core': [3.1, 3.1, 0.0, 4.6, 9.1, 6.2, 0.0, 0.0, 4.6, 7.7, 0.0, 0.0]}
2025-02-16 05:19 - INFO - Encolando evento: {'cpu_usage': {'usage_total': 3.2, 'usage_per_core': [3.1, 3.1, 0.0, 4.6, 9.1, 6.2, 0.0, 0.0, 4.6, 7.7, 0.0, 0.0]}}
2025-02-16 05:19 - INFO - key: cpu_usage
2025-02-16 05:19 - INFO - value={'usage_total': 3.2, 'usage_per_core': [3.1, 3.1, 0.0, 4.6, 9.1, 6.2, 0.0, 0.0, 4.6, 7.7, 0.0, 0.0]}
2025-02-16 05:19 - INFO - Data memory measure: {'total': 34258022400, 'available': 17616359424, 'percent': 48.6, 'used': 16641662976, 'free': 17616359424}
2025-02-16 05:19 - INFO - Encolando evento: {'memory_usage': {'total': 34258022400, 'available': 17616359424, 'percent': 48.6, 'used': 16641662976, 'free': 17616359424}}
2025-02-16 05:19 - INFO - key: memory_usage
2025-02-16 05:19 - INFO - value={'total': 34258022400, 'available': 17616359424, 'percent': 48.6, 'used': 16641662976, 'free': 17616359424}
2025-02-16 05:19 - INFO - Encolando evento: {'cpu_usage': {'total': 34258022400, 'available': 17616359424, 'percent': 48.6, 'used': 16641662976, 'free': 17616359424}}
2025-02-16 05:19 - INFO - key: cpu_usage
2025-02-16 05:19 - INFO - value={'total': 34258022400, 'available': 17616359424, 'percent': 48.6, 'used': 16641662976, 'free': 17616359424}
2025-02-16 05:19 - INFO - Programa finalizado de forma controlada.
